Heatwave Spatial Coverage,,,,,,,,,,,,,,,,,,,,,
Monthly % of LME Impacted,,,,,,,,,,,,,,,,,,,,,
Year,California Current,Gulf Of Mexico,Caribbean,Southeast,Northeast,Gulf of Alaska,Eastern Bering Sea,Chukchi Sea,Hawaiian Insular LME,Lake Ontario,Lake Michigan,Lake Huron,Lake Erie,Lake Superior,American Samoa,Jarvis Island,Kingman Reef & Palmyra Atoll,Howland & Baker Islands,Johnson Atoll,Wake Island,Guam & CNMI
Jan1982,0.09,0.77,0.32,0.19,0.07,0.01,1.00,0.37,0.55,0.00,0.00,2.57,1.28,1.64,0.04,0.00,3.60,0.00,0.18,0.00,0.18
Feb1982,0.16,4.35,0.69,1.86,0.57,0.05,5.54,6.01,0.27,0.00,7.60,1.60,2.16,9.05,0.89,0.00,5.07,0.00,0.00,0.00,2.23
Mar1982,0.30,5.34,1.08,14.41,0.03,0.01,15.08,5.14,0.33,0.00,0.45,2.93,3.00,6.05,0.00,0.00,6.00,0.00,0.08,0.00,0.22
Apr1982,1.65,8.32,1.69,9.54,0.00,0.00,3.52,6.57,0.08,0.00,0.00,0.00,0.00,0.00,1.42,0.03,5.65,0.00,1.48,0.00,0.00
May1982,0.58,1.50,0.86,1.41,0.44,0.00,1.49,0.15,0.07,0.00,0.00,0.00,0.15,0.00,0.00,1.00,13.89,2.94,0.81,0.00,0.05
Jun1982,0.02,2.22,0.18,1.73,0.20,0.04,0.10,0.13,2.42,0.00,0.00,0.00,0.00,0.00,0.30,7.95,17.03,11.10,1.35,0.00,0.04
Jul1982,0.05,3.57,0.04,5.83,0.15,0.02,0.00,0.44,0.53,0.00,0.00,0.00,0.00,0.00,0.02,7.33,2.63,8.42,0.38,0.00,0.00
Aug1982,0.03,0.94,0.01,0.39,0.00,0.00,0.00,0.03,0.19,0.00,0.00,0.00,0.00,0.00,0.00,26.85,1.00,0.55,0.10,0.07,0.04
Sep1982,0.22,0.66,0.01,2.46,0.00,0.18,0.00,0.09,0.01,0.00,0.00,0.00,0.00,0.00,0.00,43.01,1.50,0.61,0.00,0.00,0.07
Oct1982,0.78,0.24,0.21,0.00,0.00,0.01,0.00,0.00,0.00,0.00,0.00,0.00,0.00,0.00,0.14,64.67,0.36,0.03,0.93,0.00,0.08
Nov1982,3.09,0.94,0.07,0.29,0.36,0.00,0.00,0.02,0.11,0.00,0.00,0.06,0.00,0.00,0.06,13.46,0.25,0.00,1.23,0.00,0.00
Dec1982,4.91,4.44,0.02,0.84,1.82,0.00,0.02,0.70,0.29,0.39,0.03,1.39,0.08,2.70,0.21,1.03,0.00,0.00,0.88,0.00,0.00
Jan1983,8.45,1.78,0.33,7.17,4.66,0.17,0.22,0.22,0.00,5.87,10.13,25.62,24.83,10.88,1.71,15.45,0.10,0.40,0.00,0.00,0.00
Feb1983,15.69,1.14,0.88,4.47,8.79,0.47,0.08,0.07,0.00,0.22,5.48,13.17,6.73,2.37,3.24,38.30,0.52,0.62,0.00,0.00,0.00
Mar1983,9.38,0.31,1.09,0.00,6.85,11.44,0.94,0.14,0.58,43.01,19.80,32.94,50.94,14.73,0.07,31.14,2.89,2.32,0.10,0.00,0.00
Apr1983,3.09,0.03,0.52,0.32,3.30,11.22,5.94,0.77,0.17,0.20,0.46,3.36,3.33,1.80,0.00,0.94,0.04,1.68,0.01,0.00,0.06
May1983,1.66,0.06,1.57,0.04,2.20,6.02,0.94,1.64,0.05,0.49,0.00,0.16,0.00,0.00,0.01,8.18,0.21,0.96,0.00,0.00,0.00
Jun1983,2.50,0.99,4.93,0.06,1.65,3.15,1.14,0.95,0.11,2.42,0.00,0.51,7.52,0.00,0.00,0.53,0.00,0.20,0.00,0.00,0.00
Jul1983,4.66,1.14,1.21,0.44,0.46,1.70,3.96,1.45,0.17,0.00,7.89,4.02,0.00,0.00,0.00,0.27,0.00,0.00,0.00,0.00,0.00
Aug1983,7.92,0.45,0.33,0.02,0.06,1.08,0.28,0.18,0.00,0.00,6.42,5.49,4.13,2.62,0.00,0.00,0.00,0.03,0.00,0.00,0.59
Sep1983,7.02,0.13,0.24,10.83,0.29,0.26,0.02,0.00,0.00,3.03,8.51,20.17,11.86,12.24,0.00,0.00,0.15,0.00,0.00,0.39,0.20
Oct1983,8.58,1.06,0.08,2.40,0.10,0.04,0.00,0.00,0.72,0.00,0.10,0.03,0.00,0.14,0.00,0.00,0.00,0.00,0.00,0.33,0.64
Nov1983,16.94,1.14,0.28,4.25,0.41,0.13,0.00,0.00,1.77,0.00,0.00,0.08,0.00,1.39,0.12,0.00,0.00,0.00,0.00,0.50,0.95
Dec1983,2.67,5.67,3.31,5.87,0.37,1.61,2.85,8.93,0.24,0.00,0.00,0.00,0.00,0.06,0.04,0.00,0.00,0.00,0.07,0.43,0.34
Jan1984,3.74,1.52,1.09,1.49,0.01,4.37,11.27,19.08,0.30,0.00,0.00,0.27,0.00,0.00,0.45,0.00,0.00,0.00,0.00,1.29,0.88
Feb1984,5.14,1.21,0.99,14.19,2.08,2.95,2.09,6.30,1.71,0.00,0.00,0.91,0.00,0.06,1.43,0.00,0.00,0.00,1.35,3.26,0.29
Mar1984,2.02,0.16,0.07,0.93,3.07,3.95,0.15,7.52,8.57,0.00,0.22,1.04,0.00,2.02,0.68,0.00,0.00,0.00,17.48,14.10,0.35
Apr1984,0.33,0.09,0.16,1.67,0.04,1.59,0.70,14.59,0.76,0.00,0.00,0.51,0.00,0.00,0.02,0.00,0.00,0.00,0.15,0.71,0.40
May1984,0.24,0.02,0.00,1.59,0.03,0.39,0.16,2.17,9.31,0.00,0.00,1.26,0.00,0.00,0.00,0.00,0.00,0.00,0.04,4.78,9.98
Jun1984,1.05,0.01,0.02,0.01,0.13,1.03,0.28,0.67,4.56,0.00,0.00,0.00,0.00,0.00,0.00,0.00,0.00,0.00,0.00,0.39,0.08
Jul1984,2.08,0.13,0.18,0.00,0.03,0.06,0.16,0.30,16.86,0.00,0.00,0.00,0.00,0.00,0.00,0.13,0.00,0.02,0.00,0.19,0.77
Aug1984,3.19,0.00,0.00,0.12,0.48,0.74,0.35,0.00,0.16,0.00,0.00,0.00,0.00,0.00,0.00,0.00,0.00,0.00,0.08,0.05,0.12
Sep1984,6.61,0.00,0.00,0.00,0.08,0.14,0.82,0.00,0.01,0.00,0.00,0.00,0.00,0.00,0.00,0.00,0.00,0.00,0.00,4.28,0.65
Oct1984,0.70,0.26,0.00,0.39,0.73,0.49,0.31,0.53,1.38,0.10,0.00,0.25,1.73,0.00,0.00,0.00,0.00,0.00,0.07,0.00,0.65
Nov1984,0.11,0.84,0.03,2.51,3.79,1.44,4.26,0.86,2.95,4.95,0.23,0.00,18.14,0.00,0.00,0.00,0.00,0.00,0.02,3.56,0.57
Dec1984,0.11,0.25,0.00,4.26,2.27,6.08,2.75,0.39,1.99,0.00,0.54,0.03,0.00,0.00,0.24,0.00,0.00,0.00,0.01,0.80,0.04
Jan1985,0.00,0.06,0.00,0.65,0.24,6.58,11.81,2.08,0.01,0.00,1.69,0.00,0.00,0.06,0.16,0.00,0.00,0.00,0.00,1.08,0.22
Feb1985,0.00,0.01,0.07,1.00,0.08,2.07,15.94,4.74,0.00,0.00,0.00,0.27,4.15,0.38,0.00,0.00,0.00,0.00,0.00,0.00,0.00
Mar1985,0.01,0.85,0.00,3.46,0.93,0.18,1.35,0.44,0.04,0.00,0.00,0.00,0.00,0.34,0.00,0.00,0.00,0.00,0.00,0.00,0.00
Apr1985,0.22,0.19,0.12,0.00,0.44,0.00,0.00,0.64,0.03,0.00,0.20,0.00,0.00,0.23,0.00,0.00,0.00,0.00,0.00,0.00,0.00
May1985,0.06,0.67,0.07,0.02,1.76,0.00,0.00,0.23,0.01,0.00,0.00,0.00,1.05,0.00,0.00,0.00,0.00,0.00,0.00,0.00,0.00
Jun1985,0.16,0.15,0.15,3.81,0.27,0.00,0.00,2.07,1.75,0.00,0.00,0.00,0.00,0.00,0.00,0.00,0.00,0.00,0.00,0.00,0.00
Jul1985,2.06,0.00,0.00,0.00,0.00,0.07,0.03,0.01,0.00,0.00,0.00,0.00,0.00,0.00,0.00,0.00,0.00,0.00,0.00,0.00,0.00
Aug1985,0.23,0.01,0.01,0.00,0.00,0.00,0.00,0.18,0.00,0.00,0.00,0.00,0.00,0.00,0.00,0.00,0.00,0.00,0.00,0.00,0.00
Sep1985,1.42,0.00,0.00,0.00,0.07,0.00,0.00,0.00,0.07,0.00,0.00,0.00,0.00,0.00,0.00,0.00,0.01,0.00,0.00,0.64,0.00
Oct1985,0.30,0.55,0.00,2.03,0.52,0.12,0.00,0.00,0.00,0.00,0.00,0.00,0.00,0.00,0.00,0.00,0.00,0.00,0.00,0.00,0.00
Nov1985,0.15,1.37,0.01,6.12,13.45,0.00,0.00,0.06,0.09,2.22,0.33,0.40,0.85,0.00,0.00,0.00,0.00,0.00,0.00,0.00,0.00
Dec1985,0.22,1.28,0.00,2.65,4.25,0.00,0.04,1.13,0.40,0.88,0.00,0.05,0.15,0.00,0.00,0.00,0.00,0.00,0.00,0.00,0.00
Jan1986,0.54,2.31,0.00,1.68,1.85,0.00,0.46,1.24,0.07,0.00,0.00,0.00,0.00,0.00,0.00,0.00,0.00,0.00,0.00,0.00,0.22
Feb1986,0.49,0.80,0.01,1.11,2.08,0.04,0.20,0.08,0.24,0.00,0.00,0.00,22.59,0.00,0.00,0.00,0.00,0.00,0.01,0.00,0.02
Mar1986,4.77,0.11,0.01,2.78,2.03,0.16,0.46,0.80,3.33,0.00,0.32,0.00,0.00,0.06,0.02,0.00,0.03,0.00,0.63,0.00,0.01
Apr1986,1.30,0.00,0.00,3.90,4.56,0.05,0.18,1.18,1.33,0.00,0.00,0.11,0.00,0.00,0.00,0.00,0.02,0.00,0.52,0.09,0.00
May1986,1.02,0.00,0.07,0.09,1.43,0.00,0.02,1.17,0.06,0.00,0.00,0.00,0.00,0.78,0.00,0.00,0.00,0.00,3.40,0.00,0.01
Jun1986,2.67,0.09,0.06,1.19,0.10,0.02,0.00,0.91,0.36,0.00,0.00,0.00,0.00,0.00,0.00,0.00,0.00,0.00,2.10,0.00,0.01
Jul1986,0.24,0.37,0.01,0.69,0.02,0.00,0.00,0.44,0.12,0.00,0.00,0.00,0.00,0.00,0.00,0.00,0.00,0.00,0.07,0.00,0.00
Aug1986,1.02,0.09,0.01,0.00,0.01,0.08,0.00,0.06,0.03,0.00,0.00,0.00,0.00,0.00,0.00,0.00,0.00,0.01,0.04,0.00,0.00
Sep1986,0.00,0.02,0.00,0.00,0.00,0.04,0.00,0.22,0.42,0.00,0.00,0.00,0.00,0.00,0.00,0.00,0.06,9.67,0.13,0.00,0.00
Oct1986,0.00,1.45,0.00,2.65,0.30,1.42,0.02,0.06,0.71,0.00,0.00,0.00,0.00,0.00,0.01,0.03,0.45,6.36,0.43,0.00,0.00
Nov1986,0.03,3.60,0.55,12.10,0.69,17.51,2.06,0.47,0.00,0.00,0.00,0.00,0.00,0.31,0.00,0.00,0.00,1.85,0.00,0.00,0.00
Dec1986,1.99,3.27,0.21,21.47,0.16,10.53,0.65,0.67,0.39,0.00,0.00,0.00,0.00,4.35,0.00,0.20,0.80,0.01,0.00,0.00,0.00
Jan1987,1.51,1.83,0.60,14.20,0.22,14.74,0.23,0.48,0.53,0.00,0.10,0.00,0.00,0.10,0.00,2.25,0.89,1.24,0.00,0.00,0.00
Feb1987,0.88,0.16,0.07,3.48,0.01,4.80,0.28,0.04,0.05,0.00,0.32,0.00,0.00,0.00,0.15,1.56,0.00,1.55,0.00,0.00,0.01
Mar1987,0.64,0.05,0.14,0.81,0.00,3.70,4.71,0.04,0.02,0.29,0.00,0.52,0.08,3.03,0.00,5.94,0.01,2.90,0.00,0.00,0.33
Apr1987,1.21,0.00,0.32,0.03,0.55,1.09,8.08,1.31,0.00,9.49,8.18,17.09,0.08,23.62,0.00,5.30,0.01,10.34,0.00,0.00,1.77
May1987,1.02,0.04,1.51,0.06,0.12,0.21,0.39,2.59,0.00,0.00,0.45,2.43,0.00,7.71,0.00,4.03,0.06,2.06,0.00,0.00,0.01
Jun1987,0.01,0.00,0.57,0.06,0.00,0.00,0.02,0.43,0.00,0.00,13.40,3.19,3.57,2.09,0.00,35.96,0.73,4.74,0.08,0.00,0.00
Jul1987,0.04,0.19,0.05,4.30,0.51,0.00,0.01,0.32,0.07,0.88,0.45,1.07,0.00,0.00,0.00,59.07,0.60,7.44,0.19,0.02,0.00
Aug1987,0.27,0.19,0.13,2.34,0.00,0.05,0.01,0.00,1.57,0.00,0.13,0.00,0.00,0.10,0.00,56.40,1.46,0.28,0.12,0.00,0.00
Sep1987,0.66,0.55,0.27,1.91,0.07,0.01,0.01,0.00,1.78,0.00,0.00,0.00,0.00,0.00,0.00,19.11,4.24,0.04,0.33,0.69,0.01
Oct1987,1.73,0.05,0.21,0.06,0.00,0.02,0.00,0.26,0.02,0.00,0.00,0.00,0.00,0.02,0.00,0.26,0.22,8.82,0.00,0.01,0.00
Nov1987,1.40,0.00,0.25,0.01,0.00,1.36,0.00,0.45,0.13,0.00,0.00,0.00,0.00,0.00,0.00,0.04,3.36,4.66,0.15,0.00,0.00
Dec1987,0.17,0.14,0.91,2.31,0.00,0.24,0.02,0.62,0.05,0.00,0.00,0.00,0.00,0.56,0.00,0.02,2.35,1.23,0.00,0.00,0.00
Jan1988,0.00,0.03,0.32,0.51,0.00,0.27,0.82,2.20,0.11,0.00,0.00,0.49,6.53,0.00,0.48,0.03,0.66,1.71,1.16,0.00,1.34
Feb1988,0.00,0.11,0.11,0.75,0.00,1.48,2.67,0.69,0.56,0.00,0.07,2.48,13.87,0.09,0.12,0.00,0.01,0.11,0.59,0.00,3.99
Mar1988,0.07,0.00,0.05,1.64,0.00,0.13,0.20,1.22,0.73,0.00,0.00,0.00,0.00,0.76,0.00,0.00,0.00,0.00,0.01,0.00,8.29
Apr1988,0.83,0.00,0.05,0.21,0.82,0.11,0.12,2.71,1.89,0.00,0.00,0.03,0.00,0.00,0.00,0.00,0.00,0.00,0.00,0.00,0.85
May1988,0.00,0.03,0.13,0.00,0.01,0.00,0.02,3.98,0.02,0.00,0.00,0.00,0.00,0.04,0.00,0.00,0.00,0.00,0.05,0.00,0.00
Jun1988,0.01,0.00,0.54,0.00,0.00,0.00,0.09,1.15,3.57,0.00,0.00,0.00,0.00,0.04,0.04,0.00,0.00,0.00,0.00,0.02,0.56
Jul1988,0.07,0.05,1.38,0.00,0.00,0.00,0.09,0.43,0.48,0.00,0.00,0.98,0.00,0.00,0.63,0.00,0.00,0.00,0.00,0.00,0.03
Aug1988,0.47,0.00,0.12,0.00,0.34,0.00,0.05,0.14,0.00,12.22,18.14,15.97,18.98,0.00,0.00,0.00,0.00,0.00,0.00,0.00,0.00
Sep1988,0.00,0.00,0.00,0.00,0.00,0.00,0.00,0.04,0.00,0.00,0.00,0.00,0.00,0.00,0.00,0.00,0.00,0.00,0.00,0.00,0.22
Oct1988,0.00,0.00,0.00,0.00,0.00,0.00,0.04,0.00,0.74,0.00,0.00,0.00,0.00,0.00,0.00,0.00,0.00,0.00,0.00,0.00,0.29
Nov1988,0.07,1.21,0.02,0.14,0.00,0.01,0.08,0.00,0.34,0.00,0.00,0.00,0.00,0.00,0.00,0.00,0.00,0.00,0.00,0.00,0.10
Dec1988,0.04,0.04,0.01,0.05,0.00,0.00,0.00,0.00,3.10,0.00,0.00,0.00,0.00,0.00,0.00,0.00,0.00,0.00,1.43,0.79,6.55
Jan1989,0.00,5.68,0.00,1.41,0.08,0.00,0.00,0.01,2.96,0.00,0.00,0.00,0.00,0.00,0.00,0.00,0.00,0.00,0.01,0.75,2.63
Feb1989,0.00,4.63,0.00,6.88,1.36,0.00,0.52,9.78,0.93,0.00,0.00,0.54,0.08,0.00,0.00,0.00,0.00,0.00,0.00,0.98,7.23
Mar1989,0.02,0.32,0.01,4.62,0.36,0.00,1.01,15.08,2.83,0.00,0.00,0.00,0.08,0.00,0.00,0.00,0.00,0.00,2.24,0.00,0.17
Apr1989,2.52,0.26,0.01,1.09,0.74,0.00,0.24,24.20,1.82,0.00,0.00,0.00,0.16,0.00,0.00,0.00,0.00,0.00,3.74,0.05,0.16
May1989,4.36,0.11,0.30,0.54,0.72,0.48,0.40,1.11,0.09,0.00,0.00,0.00,0.00,0.00,0.00,0.00,0.00,0.00,0.00,0.01,0.00
Jun1989,0.89,0.02,0.00,0.01,1.40,0.01,0.03,0.00,0.04,0.00,0.00,0.00,0.00,0.00,0.00,0.00,0.00,0.00,0.00,0.00,0.03
Jul1989,1.22,0.01,0.00,0.00,0.09,0.06,0.00,0.00,0.01,0.00,0.00,0.03,0.00,0.00,0.00,0.00,0.00,0.00,0.00,0.00,0.01
Aug1989,0.04,0.02,0.13,0.16,0.03,1.25,0.14,0.14,0.10,0.00,0.00,0.00,0.00,0.00,0.00,0.00,0.00,0.00,0.00,0.00,0.00
Sep1989,0.00,0.10,0.11,0.00,0.94,2.82,0.06,0.15,0.00,0.00,0.00,0.00,0.00,0.00,0.00,0.00,0.00,0.00,0.00,0.00,0.00
Oct1989,0.01,0.42,0.00,0.42,0.00,1.19,0.02,0.36,0.00,0.00,0.00,0.00,0.00,0.00,0.00,0.00,0.01,0.00,0.06,0.00,0.00
Nov1989,0.16,0.01,0.02,0.55,0.11,0.08,0.02,0.01,0.00,0.00,0.00,0.00,0.00,0.00,0.40,0.00,0.00,0.00,0.02,0.00,0.00
Dec1989,4.36,0.04,0.12,0.09,0.00,0.55,0.06,0.94,0.04,0.00,0.00,0.00,0.00,0.00,0.00,0.00,0.00,0.01,0.00,0.31,0.00
Jan1990,1.53,0.36,0.25,0.59,0.00,1.17,0.05,0.04,0.03,0.00,0.00,0.00,0.00,0.00,0.00,0.00,0.09,0.01,0.00,0.00,0.00
Feb1990,0.02,3.68,0.51,1.82,2.17,0.00,0.00,0.00,0.06,0.00,0.00,0.00,0.66,0.00,0.00,0.00,0.43,1.46,0.00,0.01,0.00
Mar1990,0.05,0.32,0.00,12.61,1.05,0.00,0.04,0.06,0.02,0.00,0.00,0.03,0.00,0.00,0.00,0.00,7.26,0.49,0.00,0.00,0.00
Apr1990,0.72,0.09,0.02,6.84,0.79,0.01,0.49,3.42,0.00,0.81,0.00,0.00,0.00,0.06,0.00,0.00,0.12,0.01,0.05,0.00,0.00
May1990,0.36,0.47,0.06,1.78,0.62,0.08,0.09,6.67,0.01,0.00,0.00,0.00,0.00,0.00,0.00,0.00,0.00,0.00,0.00,0.00,0.00
Jun1990,0.46,4.59,0.08,0.00,0.41,2.36,0.19,3.79,0.00,0.00,0.00,0.00,0.00,0.00,0.00,0.00,0.00,0.00,0.00,0.00,0.00
Jul1990,6.23,0.09,0.04,0.01,0.05,1.75,0.21,2.53,0.12,0.00,0.00,0.00,0.00,0.00,0.00,0.00,0.03,0.03,0.00,0.00,0.02
Aug1990,1.77,0.07,0.08,0.60,2.61,0.70,0.04,4.98,0.00,0.00,0.00,0.00,0.00,0.00,0.00,0.00,0.12,0.12,0.00,0.00,1.22
Sep1990,7.80,0.62,0.07,3.41,4.97,2.92,0.00,1.57,0.00,0.00,0.46,0.00,0.00,0.00,0.09,0.00,0.14,0.01,0.00,0.00,0.00
Oct1990,3.80,0.03,0.36,3.17,2.23,0.16,0.00,0.00,0.19,0.00,0.00,0.00,0.00,0.00,0.22,0.00,0.40,0.02,0.12,0.00,0.00
Nov1990,2.04,0.27,0.33,0.20,0.00,0.00,0.00,0.05,0.33,0.00,0.00,0.00,0.00,0.00,0.00,0.00,0.38,0.04,0.01,0.00,0.01
Dec1990,1.59,2.91,0.00,1.65,0.46,0.00,0.24,0.07,0.00,0.00,0.00,0.00,0.00,0.00,0.08,0.00,7.02,1.27,0.91,0.00,0.00
Jan1991,0.96,2.65,0.02,5.99,0.66,0.01,1.31,0.25,0.16,0.00,0.00,0.14,0.00,0.00,0.37,0.00,7.83,8.27,0.13,0.00,0.00
Feb1991,1.15,2.94,0.41,3.84,2.62,0.06,0.01,0.28,0.04,0.00,0.00,0.00,0.00,0.00,0.58,0.00,2.56,1.60,0.55,0.00,0.00
Mar1991,1.12,0.01,0.00,1.93,3.82,0.04,0.03,0.41,0.02,0.00,0.00,0.05,0.00,0.00,0.19,0.00,5.68,0.01,3.26,0.00,0.00
Apr1991,0.40,8.37,0.05,1.21,1.37,0.01,0.10,0.56,0.08,0.00,0.00,0.00,0.00,0.00,0.00,0.01,0.01,0.14,0.37,0.00,0.00
May1991,0.04,5.58,0.02,15.37,2.66,0.03,0.11,7.06,0.13,8.60,0.13,0.00,15.23,0.00,0.24,1.14,1.33,1.73,0.05,0.00,0.00
Jun1991,0.00,7.44,0.02,2.70,1.74,0.00,0.00,1.93,0.11,23.94,8.98,4.58,23.41,0.00,0.06,0.18,0.12,0.04,0.04,0.81,0.00
Jul1991,0.00,0.18,0.00,0.54,0.03,0.12,0.25,0.64,0.00,4.01,4.85,0.08,0.00,0.00,1.18,1.39,6.48,0.25,0.00,1.17,0.00
Aug1991,0.01,0.14,0.04,0.02,0.00,0.05,0.74,2.04,0.14,0.00,0.00,0.00,0.00,2.20,1.04,0.23,1.36,0.94,0.00,0.69,0.48
Sep1991,0.00,0.00,0.00,0.28,0.00,0.00,0.36,3.12,0.00,0.00,0.03,0.00,0.00,0.00,0.98,0.00,0.97,0.10,0.00,0.00,0.00
Oct1991,0.23,0.00,0.09,0.00,0.00,0.16,0.05,0.72,0.00,0.00,0.00,0.00,0.00,0.00,0.17,2.50,21.46,20.22,0.04,0.00,0.00
Nov1991,0.31,0.01,0.01,0.59,0.00,0.24,2.94,3.07,4.35,0.00,0.00,0.00,0.00,0.00,2.23,0.95,0.27,0.78,0.00,0.00,0.00
Dec1991,0.28,0.27,0.00,0.34,0.07,0.35,0.05,0.64,2.03,0.00,0.00,0.00,0.00,0.00,0.00,59.38,14.48,0.22,0.11,0.00,0.00
Jan1992,1.02,0.66,0.00,0.04,0.13,0.77,0.17,0.82,0.05,0.00,0.54,0.38,8.55,0.00,0.55,67.10,3.34,0.43,0.00,0.00,0.00
Feb1992,4.87,0.22,0.01,2.17,0.19,1.94,0.02,0.12,0.00,0.00,6.49,2.63,0.08,1.46,1.17,53.88,8.49,2.93,0.00,0.00,0.80
Mar1992,21.11,0.21,0.01,2.95,0.06,6.60,0.22,0.02,0.00,0.00,3.10,1.86,1.50,2.40,2.32,65.96,2.44,4.29,0.00,0.00,0.00
Apr1992,28.90,0.00,0.19,1.84,0.28,4.88,0.14,1.04,0.02,0.00,0.00,0.00,0.00,0.00,0.00,66.67,3.93,0.59,0.00,0.00,0.02
May1992,34.03,0.00,0.01,0.02,0.23,0.26,0.08,0.63,0.71,0.00,0.00,0.00,0.00,0.00,1.45,35.92,0.92,2.08,0.10,0.00,0.00
Jun1992,18.70,1.25,0.06,0.00,0.00,1.56,0.17,0.33,4.25,0.00,0.00,0.00,0.00,0.00,0.01,0.09,0.03,2.69,0.00,0.00,0.00
Jul1992,25.01,0.11,0.00,0.00,0.00,1.56,0.00,1.60,2.22,0.00,0.00,0.00,0.00,0.00,0.03,0.02,2.12,5.03,4.92,0.00,0.00
Aug1992,5.54,0.00,0.00,0.00,0.00,0.01,0.00,0.26,0.00,0.00,0.00,0.00,0.00,0.00,0.28,0.00,0.00,0.00,0.00,0.00,0.00
Sep1992,4.52,0.00,0.00,0.00,0.01,0.00,0.00,0.02,0.00,0.00,0.00,0.00,0.00,0.00,2.99,0.00,0.00,0.00,0.57,0.00,0.00
Oct1992,10.11,0.00,0.00,0.00,0.02,0.00,0.00,0.00,0.62,0.00,0.00,0.00,0.00,0.00,2.32,0.00,0.00,0.00,0.60,0.00,0.00
Nov1992,18.51,0.01,0.06,0.27,0.00,0.13,0.00,0.01,0.00,0.00,0.00,0.00,0.00,0.00,0.06,0.00,0.03,0.00,0.00,0.00,0.00
Dec1992,6.69,0.06,0.02,1.33,0.00,0.05,0.00,0.02,0.02,0.00,0.00,0.14,0.00,0.46,0.29,0.00,4.64,0.00,0.00,0.00,0.00
Jan1993,3.74,10.55,0.66,8.05,0.03,0.00,0.03,0.62,0.05,0.00,0.00,0.00,0.75,0.00,5.51,0.00,10.10,0.00,0.00,0.00,0.00
Feb1993,6.65,1.24,0.18,6.50,0.05,0.03,0.49,0.99,0.01,0.00,0.00,0.61,0.00,0.42,0.27,0.00,0.81,0.08,0.00,0.00,0.00
Mar1993,6.83,0.16,0.00,1.58,0.01,0.05,0.14,0.89,0.02,0.00,0.03,0.36,0.00,0.00,0.11,0.00,0.00,0.01,0.00,0.00,0.00
Apr1993,4.76,0.01,0.06,0.33,0.38,0.15,1.07,2.31,0.20,0.00,0.00,0.00,0.00,0.00,0.01,0.32,0.00,0.01,0.00,0.00,0.00
May1993,9.30,0.01,0.92,0.11,1.01,0.29,0.20,0.92,0.02,0.00,0.00,0.00,0.00,0.00,0.00,1.51,0.00,0.03,0.00,0.00,0.00
Jun1993,17.04,0.00,0.25,0.00,0.00,5.61,2.67,2.10,0.09,0.00,0.00,0.00,0.00,0.00,0.00,0.02,0.00,0.05,0.00,0.00,0.28
Jul1993,0.89,0.04,0.14,1.00,0.32,0.71,0.17,13.23,0.28,0.00,0.00,0.00,0.00,0.00,0.00,0.52,0.00,0.12,0.06,0.00,0.00
Aug1993,0.20,0.76,0.14,0.01,0.00,2.03,0.61,1.63,0.30,1.27,0.00,0.44,3.53,0.00,0.01,0.00,0.26,7.84,0.01,0.00,0.00
Sep1993,0.02,0.95,0.00,1.27,0.01,0.05,0.00,1.57,0.01,0.40,0.00,0.06,2.48,0.00,0.01,0.00,2.30,2.40,0.09,0.00,0.06
Oct1993,0.31,0.09,0.19,0.22,0.00,8.31,0.00,0.01,0.06,0.00,0.00,0.00,0.00,0.00,0.00,0.00,0.00,0.00,0.99,0.33,0.00
Nov1993,1.12,0.02,0.11,2.38,1.60,6.50,1.28,0.49,0.00,0.00,0.00,0.00,0.00,0.00,0.00,0.00,0.12,0.00,0.00,0.00,0.00
Dec1993,1.50,0.12,0.04,5.03,0.60,3.26,3.65,1.04,0.00,0.00,0.00,0.00,0.00,0.00,0.11,0.00,0.22,0.00,0.00,0.00,0.00
Jan1994,3.99,0.21,0.00,1.10,1.32,10.02,0.42,2.23,0.00,0.00,0.00,0.00,0.00,0.02,0.45,0.00,0.11,0.00,0.00,0.00,0.00
Feb1994,1.23,0.43,0.25,1.73,0.28,10.40,1.91,12.69,0.00,0.00,0.00,0.00,0.00,0.09,0.30,0.00,0.00,0.00,0.00,0.00,0.00
Mar1994,2.01,0.24,0.26,0.33,0.00,1.76,0.27,8.65,0.76,0.00,0.00,0.00,0.00,0.00,0.63,0.00,0.06,0.02,2.31,0.03,0.00
Apr1994,0.43,0.82,0.86,0.58,0.55,0.54,0.07,2.45,0.01,0.00,0.00,0.00,0.00,0.00,0.27,0.02,0.00,0.00,0.00,0.00,0.02
May1994,0.04,5.88,3.90,4.59,0.95,0.06,0.23,2.86,0.02,0.00,0.00,0.00,0.00,0.00,0.66,0.00,0.00,0.00,0.00,0.01,0.00
Jun1994,0.08,0.04,0.32,0.72,4.18,0.08,0.14,1.62,0.10,0.00,0.00,0.00,3.95,0.00,0.05,0.00,0.00,0.09,0.00,0.00,0.54
Jul1994,0.06,0.10,0.05,0.00,8.96,0.10,0.09,0.00,0.08,0.00,0.00,0.00,0.00,0.00,0.23,1.34,2.46,17.86,0.01,0.12,0.66
Aug1994,7.28,0.00,0.00,0.00,3.28,6.09,0.00,0.03,0.12,0.00,0.00,0.00,0.00,0.00,0.00,0.86,10.89,43.41,0.02,0.36,0.72
Sep1994,3.25,0.00,0.00,0.00,0.00,1.25,0.00,0.02,0.00,0.00,0.00,0.00,0.00,0.00,0.00,0.24,6.08,15.01,0.00,6.14,2.44
Oct1994,2.78,0.00,0.00,0.00,0.07,1.06,0.00,0.00,0.00,0.00,0.03,0.57,0.00,2.58,2.53,0.07,1.77,32.36,0.00,0.00,0.17
Nov1994,0.22,0.96,0.00,0.18,0.81,0.00,0.00,0.00,0.13,0.40,4.19,5.65,22.48,3.71,0.30,2.60,0.70,6.13,0.05,0.00,0.00
Dec1994,0.03,3.69,0.35,3.12,2.33,0.00,0.07,0.01,6.02,0.00,3.55,6.78,0.00,9.54,0.00,12.00,0.73,5.84,0.08,0.00,0.00
Jan1995,0.01,0.13,0.12,1.52,1.97,0.01,0.03,0.14,3.16,6.74,5.84,11.48,17.93,33.66,0.01,0.45,3.32,1.77,0.00,0.00,0.00
Feb1995,1.57,0.67,0.01,0.02,1.65,0.81,0.41,0.02,0.14,0.00,1.59,33.38,12.21,48.56,2.66,0.00,6.07,11.22,0.00,0.00,0.00
Mar1995,6.35,0.53,0.85,1.49,1.33,0.66,0.30,0.26,0.09,0.20,0.00,9.76,2.18,14.63,0.00,0.00,5.19,3.09,9.69,0.00,0.00
Apr1995,5.26,0.16,0.67,2.29,1.26,0.18,0.57,2.13,0.10,0.00,0.00,3.22,0.08,0.91,0.13,0.01,5.53,0.82,0.89,0.00,0.00
May1995,3.01,5.99,1.26,5.86,0.48,1.69,0.41,17.24,0.01,0.00,0.00,3.34,0.00,0.54,3.42,0.75,4.50,0.28,0.00,0.00,0.00
Jun1995,2.07,0.62,0.35,1.05,0.04,0.08,0.12,2.67,0.08,1.92,1.65,0.73,0.31,0.17,2.00,0.00,1.50,0.32,0.00,0.00,0.00
Jul1995,6.36,0.09,1.39,0.18,0.76,3.62,0.03,0.74,0.40,0.00,0.42,0.00,0.00,0.00,0.30,0.00,0.08,0.00,0.00,0.00,0.00
Aug1995,1.22,1.67,2.38,0.11,0.22,0.01,0.74,0.03,0.00,8.21,9.36,4.21,22.88,0.00,10.23,0.00,0.00,0.00,0.03,0.34,0.17
Sep1995,1.30,8.92,2.54,0.15,0.00,1.14,1.15,0.84,0.18,0.00,0.23,0.00,0.16,0.00,0.39,0.00,0.00,0.00,0.00,0.52,0.57
Oct1995,0.93,0.08,0.68,0.14,0.83,0.93,0.02,0.47,0.61,0.00,0.00,0.00,0.00,0.00,0.00,0.00,0.00,0.00,0.03,0.26,0.10
Nov1995,3.83,0.41,0.18,0.47,2.88,0.21,0.00,5.02,0.28,0.00,0.00,0.00,0.00,0.00,0.02,0.00,0.00,0.00,0.00,0.02,1.63
Dec1995,17.94,0.24,1.70,0.86,0.25,0.69,1.20,2.72,11.16,0.00,0.00,0.00,0.00,0.00,3.73,0.00,0.00,0.00,14.50,6.17,0.37
Jan1996,12.65,0.07,0.99,1.30,0.01,0.65,13.24,1.75,10.50,0.00,0.00,0.00,0.00,0.00,0.30,0.00,0.00,0.00,12.02,1.99,0.39
Feb1996,10.69,0.29,0.16,0.45,0.00,0.02,3.09,1.42,3.57,0.00,0.00,0.18,0.00,0.00,0.00,0.00,0.00,0.00,1.26,0.02,0.00
Mar1996,6.34,0.00,0.02,0.02,0.00,0.00,0.88,3.59,0.04,0.00,0.00,0.00,0.00,0.00,0.00,0.00,0.87,0.00,0.50,0.00,0.00
Apr1996,12.75,0.00,0.00,0.00,0.00,0.03,3.29,6.50,2.16,0.00,0.00,0.00,0.00,0.00,0.00,0.00,0.79,0.00,0.00,0.00,0.00
May1996,16.53,0.09,0.05,0.34,0.00,0.45,2.54,9.40,8.67,0.00,0.00,0.00,0.00,0.00,0.00,0.00,0.00,0.00,0.08,6.35,0.11
Jun1996,4.37,0.21,0.06,0.47,0.78,0.24,1.72,3.63,6.31,0.00,0.00,0.00,0.00,0.00,0.00,0.00,0.00,0.00,0.00,22.20,0.29
Jul1996,0.66,0.05,0.07,0.00,0.00,0.00,0.10,0.16,0.79,0.00,0.00,0.00,0.00,0.00,0.01,0.00,0.00,0.00,0.00,2.21,0.43
Aug1996,0.06,0.00,0.01,0.00,0.00,0.00,0.02,0.32,4.65,0.00,0.00,0.00,0.00,0.00,0.01,0.00,0.00,0.00,3.03,10.66,0.70
Sep1996,0.02,2.80,0.16,0.00,0.04,0.00,0.66,0.57,2.27,0.20,6.47,8.42,0.31,0.04,0.00,0.00,0.00,0.00,2.48,5.52,1.29
Oct1996,0.35,0.10,0.02,0.00,0.00,0.00,11.39,0.21,5.64,0.00,0.00,0.03,0.00,0.00,0.00,0.00,0.00,0.00,21.22,27.78,0.09
Nov1996,0.74,0.02,0.00,0.02,0.00,0.00,9.29,3.48,0.30,0.00,0.00,0.00,0.00,0.00,0.00,0.00,0.25,0.00,0.42,0.00,0.01
Dec1996,1.73,0.04,0.00,0.16,0.00,0.00,17.63,3.06,0.24,0.00,0.19,0.00,0.00,0.00,0.00,0.00,0.10,0.00,0.32,0.00,0.00
Jan1997,4.22,0.59,0.01,0.64,0.04,0.00,2.07,2.48,0.11,0.00,0.00,0.41,0.00,0.00,0.05,0.00,0.66,0.00,2.09,0.00,0.28
Feb1997,4.62,1.13,0.02,7.62,0.02,0.14,0.74,0.48,0.21,0.00,0.00,0.00,0.00,0.00,0.11,0.00,11.33,0.01,2.03,0.00,0.34
Mar1997,2.53,12.50,0.02,5.98,0.15,0.00,1.65,0.81,0.24,0.00,0.00,0.00,0.00,0.00,0.14,0.00,4.51,6.78,0.31,0.00,0.02
Apr1997,2.08,2.67,0.36,0.73,0.00,0.07,1.92,3.28,1.20,0.00,0.00,0.00,0.00,0.00,0.00,0.07,9.16,40.06,2.72,0.00,0.00
May1997,26.04,0.98,0.66,0.02,0.00,4.47,0.56,4.07,0.36,0.00,0.00,0.00,0.00,0.00,0.00,3.77,6.04,9.97,0.81,0.00,0.04
Jun1997,32.57,0.38,0.24,0.00,0.00,7.79,7.65,2.58,0.38,0.00,0.00,0.00,0.00,0.00,0.00,32.41,1.33,1.86,0.16,0.22,0.03
Jul1997,14.20,2.12,0.15,0.25,0.09,11.59,0.69,1.15,0.03,0.20,0.00,0.00,0.00,0.00,0.00,46.63,10.43,0.03,3.11,0.00,0.00
Aug1997,16.80,1.72,0.34,2.03,0.00,13.96,0.90,0.24,5.19,0.00,0.00,0.00,0.00,0.00,0.00,60.10,4.68,0.01,0.52,3.58,0.00
Sep1997,25.08,0.05,0.24,0.13,0.06,22.78,0.07,0.98,0.32,0.00,0.00,0.00,0.00,0.00,0.00,73.75,3.93,6.88,0.06,0.47,0.01
Oct1997,11.55,0.00,0.08,0.00,0.00,9.47,2.65,0.79,1.43,0.00,0.70,0.00,0.00,0.00,0.00,32.49,0.06,0.00,0.00,0.00,0.10
Nov1997,24.08,0.01,0.08,0.09,0.00,8.17,2.61,8.33,0.21,0.00,0.00,0.00,0.00,0.00,0.34,23.14,0.40,0.00,0.00,0.00,0.00
Dec1997,26.23,0.18,0.48,0.96,0.00,14.90,0.02,2.18,0.02,0.00,0.06,0.27,0.00,8.15,0.00,3.22,0.00,0.02,0.00,0.05,0.00
Jan1998,34.17,0.94,0.63,1.50,0.00,7.89,0.37,0.50,0.00,0.10,0.42,2.27,0.00,1.42,0.00,28.69,0.00,1.21,0.00,0.00,0.41
Feb1998,26.92,1.04,2.33,0.52,1.44,25.26,0.11,0.27,0.02,2.16,1.91,3.66,7.97,0.09,0.00,42.42,1.84,1.00,0.00,0.13,8.22
Mar1998,3.47,0.03,0.47,0.04,0.62,35.77,9.46,2.46,3.32,6.35,21.27,13.48,38.71,22.98,2.73,10.73,1.60,0.10,0.00,0.01,0.92
Apr1998,0.59,0.09,0.56,0.00,0.16,25.33,2.47,4.32,0.90,22.32,27.20,21.61,63.02,39.01,0.00,0.17,0.00,0.00,0.00,0.44,0.76
May1998,3.51,0.31,1.73,0.29,0.02,2.46,0.20,0.56,0.46,73.51,60.33,43.25,50.19,52.05,0.00,1.01,0.00,0.00,0.00,0.00,0.07
Jun1998,4.96,5.18,6.32,7.86,0.04,0.82,0.00,0.63,0.00,0.91,2.84,5.20,5.19,45.16,0.00,4.20,0.09,0.00,0.00,0.00,0.10
Jul1998,0.58,5.00,3.69,5.87,0.02,0.14,0.51,2.44,0.03,0.00,5.33,1.18,0.00,61.13,0.00,0.00,0.01,0.00,0.00,0.00,0.00
Aug1998,2.05,10.75,15.11,4.25,0.01,1.74,0.37,1.73,0.00,0.00,7.98,2.02,0.00,62.87,0.00,0.00,0.00,0.00,0.00,0.00,0.54
Sep1998,0.12,0.76,5.98,0.82,0.00,0.29,0.00,4.42,0.00,0.00,24.29,0.03,0.00,58.45,0.00,0.00,0.00,0.00,0.00,0.00,0.42
Oct1998,0.07,2.42,0.89,1.03,0.00,0.22,0.00,2.02,0.60,0.00,7.19,1.18,0.00,4.67,0.00,0.00,0.00,0.00,0.00,0.00,0.06
Nov1998,0.15,1.07,2.13,4.16,0.04,0.57,0.01,1.59,4.36,0.71,4.85,5.25,0.00,6.67,2.37,0.00,0.00,0.00,0.00,0.05,8.18
Dec1998,0.01,6.57,0.02,12.80,1.90,0.52,0.08,0.73,10.17,19.94,3.80,39.45,60.32,37.63,2.01,0.00,0.00,0.00,0.00,1.45,9.28
Jan1999,0.00,1.43,0.10,10.23,0.68,0.81,0.02,0.41,3.03,0.00,0.03,1.50,0.75,0.72,2.45,0.00,0.00,0.00,0.00,1.18,2.90
Feb1999,0.00,8.05,0.00,3.29,0.05,0.01,0.11,0.11,16.91,0.65,4.46,3.00,0.00,7.94,1.88,0.00,0.00,0.00,0.00,21.39,6.92
Mar1999,0.00,0.26,0.00,0.19,0.00,0.00,0.01,0.24,11.31,0.00,2.52,0.00,0.00,0.18,0.01,0.00,0.00,0.00,0.01,13.63,35.77
Apr1999,0.00,1.80,0.01,1.16,0.19,0.00,0.00,0.54,5.36,0.00,0.96,0.08,0.00,0.00,0.01,0.00,0.00,0.00,0.00,24.49,22.96
May1999,0.00,0.40,0.72,0.30,1.82,0.00,0.00,0.43,0.73,2.54,4.54,4.70,5.18,0.54,0.58,0.00,0.00,0.00,0.00,3.47,0.35
Jun1999,0.01,1.99,1.38,0.00,1.70,0.00,0.00,1.37,0.11,4.55,0.00,6.38,4.96,0.00,0.06,0.00,0.00,0.00,0.00,0.00,0.28
Jul1999,0.00,0.01,0.03,0.27,1.55,0.00,0.03,0.31,0.02,8.02,5.05,6.23,2.55,0.52,0.00,0.00,0.00,0.00,0.00,0.05,0.03
Aug1999,0.03,2.29,1.76,5.72,0.60,0.09,0.00,0.53,0.00,0.49,3.35,0.63,0.30,0.02,0.29,0.00,0.00,0.00,0.00,0.00,0.05
Sep1999,0.00,2.78,3.63,0.47,4.71,0.00,0.00,0.36,0.00,0.00,0.00,0.00,0.00,0.00,0.31,0.00,0.00,0.00,0.00,0.00,0.77
Oct1999,0.00,0.04,0.08,0.00,0.54,0.00,0.00,0.01,0.07,0.00,0.00,0.00,0.00,0.00,0.00,0.00,0.00,0.00,0.00,0.00,1.25
Nov1999,0.00,0.26,0.10,1.37,5.97,0.00,0.00,0.00,0.61,0.00,9.47,0.00,0.54,0.00,0.00,0.00,0.00,0.00,0.00,0.04,1.27
Dec1999,0.05,0.13,0.15,2.10,9.40,0.04,0.00,0.00,6.37,1.96,22.29,7.22,3.98,12.12,0.16,0.00,0.00,0.00,0.00,0.19,0.34
Jan2000,0.12,0.65,0.03,0.41,3.96,0.02,0.00,0.25,5.71,0.10,4.41,0.25,0.15,0.00,0.04,0.00,0.00,0.00,0.00,0.07,2.40
Feb2000,0.14,1.42,0.00,0.02,3.41,0.04,0.22,0.53,18.31,0.00,0.48,0.61,0.32,0.00,0.00,0.00,0.00,0.00,0.00,9.44,0.07
Mar2000,0.00,6.87,0.00,1.72,6.80,0.15,0.53,2.28,29.57,0.00,6.04,0.87,19.96,5.85,0.00,0.00,0.00,0.00,0.00,20.16,2.60
Apr2000,0.14,1.45,0.00,0.67,4.65,0.01,0.00,0.89,8.17,0.00,3.23,2.66,1.16,7.47,0.00,0.00,0.00,0.00,0.00,0.79,2.93
May2000,0.32,0.19,0.00,0.31,2.06,0.01,0.00,0.07,13.85,0.20,12.55,2.84,0.83,3.05,0.10,0.00,0.00,0.00,0.00,6.89,2.62
Jun2000,1.07,0.10,0.04,0.01,0.01,0.05,0.00,7.91,0.70,0.00,0.00,0.00,0.00,0.04,0.00,0.00,0.00,0.00,0.00,0.11,0.23
Jul2000,0.10,0.64,0.14,0.01,0.01,0.02,0.08,3.72,0.00,0.00,0.00,0.00,0.00,0.00,0.00,0.00,0.00,0.00,0.00,0.00,0.00
Aug2000,2.25,0.06,0.00,0.00,0.00,0.01,0.14,0.26,0.00,0.00,0.00,0.00,0.00,0.32,0.00,0.00,0.00,0.00,0.00,0.00,1.21
Sep2000,0.03,0.70,0.09,0.02,0.02,0.06,0.06,1.56,0.00,0.00,0.00,0.00,0.00,0.00,0.00,0.00,0.00,0.00,0.00,0.00,0.10
Oct2000,0.02,0.35,0.23,0.12,0.00,0.03,0.11,0.00,0.00,0.29,0.48,3.06,0.83,5.49,0.00,0.00,0.00,0.00,0.00,0.40,0.02
Nov2000,0.00,1.59,0.03,0.34,0.20,0.00,4.89,2.03,1.93,32.22,16.63,36.81,19.15,10.68,0.00,0.00,0.00,0.00,0.00,0.42,0.20
Dec2000,0.01,0.31,0.53,2.80,1.71,0.04,1.32,4.62,3.95,0.00,0.00,0.22,0.00,0.00,2.98,0.00,0.00,0.00,0.00,0.00,0.10
Jan2001,0.01,0.26,0.01,0.21,2.74,0.65,10.22,2.07,4.87,0.00,0.03,0.00,0.00,0.00,1.76,0.00,0.00,0.00,0.00,0.27,0.76
Feb2001,0.01,2.15,0.00,0.22,2.36,0.11,19.31,5.48,9.53,0.00,0.00,0.00,0.00,0.33,0.49,0.00,0.00,0.00,0.00,1.96,0.97
Mar2001,0.00,3.78,0.00,0.49,0.49,0.14,4.91,3.59,7.04,0.00,0.00,0.00,0.00,0.00,0.00,0.00,0.00,0.00,0.00,1.12,0.17
Apr2001,0.02,2.18,0.01,0.55,0.17,0.01,8.38,1.63,1.52,0.00,0.00,0.00,0.00,0.00,0.00,0.00,0.00,0.00,0.00,0.74,3.40
May2001,0.02,0.00,0.02,0.03,0.31,0.02,0.47,0.59,7.18,0.10,0.00,0.00,1.50,0.00,0.79,0.00,0.00,0.00,0.00,8.97,15.69
Jun2001,1.44,0.69,0.03,2.37,2.82,0.84,1.12,2.22,0.13,0.00,0.00,2.26,0.00,0.00,0.31,0.00,0.00,0.08,0.00,6.42,16.58
Jul2001,2.53,0.28,0.49,0.00,0.02,0.09,0.73,1.86,0.69,0.00,0.00,0.00,0.00,0.00,0.07,0.00,0.00,0.00,0.04,3.09,11.63
Aug2001,0.64,0.02,0.32,0.00,0.08,0.11,0.17,0.04,0.00,0.10,1.44,0.38,0.00,0.00,0.00,0.00,0.01,0.03,0.00,0.00,0.86
Sep2001,0.36,0.59,0.28,0.05,0.00,0.00,0.00,0.03,0.05,0.00,0.00,0.00,0.00,0.02,0.00,0.00,0.53,0.75,0.00,0.00,0.07
Oct2001,0.09,0.01,0.12,0.00,0.00,0.00,0.00,0.00,1.21,0.00,0.00,0.00,0.00,0.52,0.07,0.00,0.00,0.00,0.00,0.00,0.13
Nov2001,0.03,0.24,0.07,0.21,0.40,0.06,0.02,0.00,5.77,5.96,0.00,1.24,4.26,0.31,0.00,0.00,1.80,0.00,0.00,0.72,1.24
Dec2001,0.01,3.20,0.74,0.61,15.49,0.02,0.11,0.00,9.08,45.75,34.72,33.32,69.69,0.20,1.40,0.00,0.40,0.00,0.00,0.27,0.02
Jan2002,0.73,3.10,1.90,0.12,10.06,0.03,0.02,0.18,1.81,13.59,22.45,19.36,2.55,0.76,0.12,0.00,0.14,4.14,0.00,1.35,0.00
Feb2002,0.00,9.00,0.68,0.24,8.67,0.01,0.02,0.23,8.07,9.31,34.87,20.82,12.96,13.47,0.18,0.00,0.10,0.33,0.00,1.74,0.03
Mar2002,0.01,4.11,0.39,1.70,5.08,0.00,0.57,5.96,3.86,2.64,21.65,9.98,0.45,4.19,11.47,0.00,0.05,0.00,0.05,0.78,3.71
Apr2002,0.01,13.76,1.42,21.81,10.16,0.00,0.63,13.08,0.56,0.00,0.13,0.00,0.00,0.00,0.03,0.23,0.87,0.01,0.99,0.00,2.14
May2002,0.07,16.74,0.26,13.30,0.34,0.01,0.38,10.28,0.63,0.00,0.00,0.00,0.00,0.00,0.69,0.00,1.05,21.20,2.21,0.00,0.00
Jun2002,0.00,1.13,0.56,0.15,0.01,0.02,0.70,4.60,3.66,0.00,0.00,0.00,0.00,0.00,0.86,2.30,2.78,6.38,9.57,0.00,0.23
Jul2002,0.01,0.04,0.10,0.00,0.10,0.00,0.14,6.87,2.01,0.59,0.70,1.45,1.58,0.00,0.00,3.72,3.54,12.41,0.00,0.01,0.04
Aug2002,0.00,0.89,1.47,0.19,2.55,0.02,0.42,2.78,4.59,0.00,0.00,0.00,0.00,0.00,0.00,4.59,1.55,31.40,0.00,0.47,0.00
Sep2002,0.14,3.45,0.07,0.01,0.32,0.02,0.00,8.20,0.25,3.74,3.04,10.28,5.04,0.02,0.00,24.51,4.31,8.98,0.00,0.02,0.29
Oct2002,0.97,1.72,0.19,3.58,0.67,6.26,0.47,2.39,0.03,4.89,0.13,4.70,6.15,0.00,0.00,60.75,7.93,2.20,0.00,0.00,0.03
Nov2002,1.66,3.52,2.41,12.68,0.21,18.56,2.57,1.03,0.36,0.00,0.00,0.00,0.00,0.00,0.92,43.08,5.21,6.15,0.00,0.00,0.00
Dec2002,4.04,0.06,1.24,1.56,0.00,42.21,6.84,5.58,0.75,0.00,0.00,0.00,0.00,0.00,11.39,11.31,1.42,10.99,0.00,0.00,0.00
Jan2003,1.12,0.02,0.52,0.43,0.00,16.08,7.97,5.41,0.59,0.00,0.00,0.00,0.00,0.00,16.74,2.60,0.68,16.21,0.00,0.05,0.41
Feb2003,2.28,0.09,0.39,0.21,0.08,22.04,11.31,2.00,0.04,0.00,0.00,0.00,0.00,0.00,14.88,0.36,0.00,15.07,0.00,0.15,0.25
Mar2003,0.11,12.29,17.92,12.42,0.03,14.34,20.28,2.01,0.90,0.00,0.10,0.36,0.00,0.56,1.78,0.06,0.22,2.38,3.59,0.00,0.06
Apr2003,0.12,0.55,1.87,1.95,0.00,1.88,15.22,4.53,0.22,0.00,0.00,0.00,0.00,0.00,1.17,0.00,0.04,0.00,5.48,0.00,0.00
May2003,0.12,4.60,1.29,5.07,0.01,2.04,11.13,11.58,0.18,0.00,0.00,0.00,0.00,0.00,2.32,0.00,0.00,0.00,13.98,0.00,0.00
Jun2003,0.67,1.13,0.92,0.49,0.02,0.01,5.59,5.74,0.57,0.00,0.00,0.00,0.00,0.00,0.04,0.00,0.00,0.00,0.00,0.00,0.00
Jul2003,1.50,0.16,0.09,0.00,0.05,0.17,1.79,14.80,0.04,0.00,0.00,0.00,0.00,0.00,1.00,0.00,0.03,0.00,0.00,0.00,4.20
Aug2003,2.60,0.03,0.05,0.00,0.30,0.48,2.27,8.72,0.00,0.00,0.00,1.09,0.00,0.80,0.65,0.00,0.03,0.00,0.00,0.00,2.79
Sep2003,0.29,0.19,0.08,0.01,0.10,0.61,20.76,5.53,0.05,0.00,0.03,0.00,0.00,0.00,1.61,0.00,0.07,0.00,0.07,0.23,13.79
Oct2003,2.05,1.55,6.16,1.06,0.15,2.18,19.15,3.72,0.33,0.00,0.00,0.00,0.00,0.00,1.11,0.00,0.06,0.00,0.01,1.37,2.71
Nov2003,0.78,6.29,6.37,10.70,1.58,3.94,31.23,16.50,1.18,0.00,0.00,0.00,0.00,0.00,0.16,0.00,0.00,0.00,0.00,0.22,0.88
Dec2003,0.41,0.69,2.37,0.34,0.00,0.12,16.22,9.06,0.49,1.27,0.03,1.20,2.03,0.32,0.02,0.00,0.61,0.00,0.00,0.03,1.69
Jan2004,0.30,0.08,0.47,0.06,0.00,0.10,10.91,13.69,2.72,5.57,6.10,4.70,3.98,2.10,0.14,0.00,0.31,0.54,8.51,5.07,0.11
Feb2004,0.05,0.08,1.19,0.29,0.00,0.04,0.56,3.09,11.62,0.00,0.00,0.20,0.00,0.00,0.01,0.00,0.00,0.00,30.48,1.34,0.09
Mar2004,0.01,0.05,0.05,0.79,0.22,0.13,1.30,1.17,3.29,0.00,0.00,0.25,1.43,0.02,0.05,0.00,0.00,0.10,3.93,0.08,0.79
Apr2004,0.20,0.17,0.76,0.00,0.00,0.68,0.24,4.27,1.57,0.00,0.00,0.00,0.62,0.00,0.13,0.00,0.08,0.00,0.74,0.53,1.76
May2004,7.16,0.03,0.01,0.93,3.30,3.55,1.84,1.70,1.46,0.00,0.00,0.00,0.00,0.00,0.75,0.00,1.62,0.08,1.73,0.00,0.08
Jun2004,3.21,1.44,0.04,0.00,0.00,4.91,10.77,13.99,0.25,0.00,0.00,0.00,0.00,0.00,2.12,0.00,0.00,0.00,1.09,0.00,0.55
Jul2004,8.02,0.17,0.03,0.31,0.34,16.19,13.99,9.97,0.21,0.00,0.00,0.00,0.00,0.00,0.58,0.23,0.06,0.81,0.00,0.22,0.00
Aug2004,6.87,3.58,0.26,0.09,0.17,26.02,7.06,10.18,0.13,0.00,0.00,0.00,0.00,0.00,3.32,0.05,0.08,2.07,0.11,0.33,0.00
Sep2004,2.57,3.94,0.41,0.00,0.01,7.50,7.23,4.42,2.68,2.42,0.56,9.04,0.78,0.00,3.57,0.23,0.62,8.88,0.00,3.50,0.00
Oct2004,1.70,4.95,5.27,0.00,0.00,1.72,1.18,1.80,0.66,3.71,0.57,5.71,0.23,0.00,3.95,0.02,0.75,0.61,0.50,0.00,0.05
Nov2004,0.07,13.20,0.66,1.04,0.00,0.01,0.02,1.77,7.64,0.00,8.12,1.10,0.47,1.45,1.11,0.00,0.23,0.37,0.85,0.00,0.03
Dec2004,0.17,4.43,0.85,0.34,0.00,0.26,0.47,1.35,0.34,0.00,7.76,1.39,2.63,0.60,0.89,0.00,1.24,1.00,0.31,0.00,0.07
Jan2005,0.46,3.78,1.25,2.16,0.15,0.98,0.67,9.19,0.70,0.00,0.00,0.16,0.00,0.00,15.55,0.00,24.56,1.37,8.30,0.00,0.36
Feb2005,0.97,1.17,5.69,0.93,0.06,1.74,1.05,1.61,1.38,0.22,0.25,0.03,0.00,0.00,4.89,0.00,8.49,12.05,9.82,0.00,0.25
Mar2005,3.22,0.48,15.24,0.35,0.41,3.98,3.37,3.19,0.02,0.00,2.01,0.03,0.00,0.00,0.00,0.27,1.76,1.88,0.43,0.00,0.08
Apr2005,0.57,0.44,9.30,0.07,0.04,1.03,1.85,5.01,0.08,0.00,0.00,0.00,0.00,0.00,4.24,0.06,0.76,1.14,0.01,0.00,0.35
May2005,9.93,2.18,23.24,0.02,0.00,17.20,3.10,26.63,6.66,0.00,0.00,0.00,0.00,0.04,1.96,0.00,0.72,0.18,0.01,1.18,0.00
Jun2005,1.49,3.32,20.75,0.12,0.45,18.51,1.21,8.99,1.23,27.48,4.29,17.29,14.88,4.27,0.23,0.28,0.22,0.00,1.74,0.43,0.12
Jul2005,0.57,6.23,14.46,6.71,0.59,27.50,7.99,4.39,0.76,61.58,13.16,22.72,41.11,0.02,0.00,0.00,0.00,0.27,0.12,2.20,3.13
Aug2005,0.48,5.22,15.07,14.62,1.84,10.87,4.76,7.66,1.50,31.97,4.44,5.03,36.16,8.36,0.26,0.00,0.00,0.00,0.28,0.69,0.41
Sep2005,0.16,1.98,15.30,0.29,3.41,2.54,0.53,3.04,3.57,8.48,39.18,17.94,8.06,41.16,1.37,0.00,0.04,0.00,0.09,1.90,0.00
Oct2005,0.04,1.48,10.57,2.89,2.93,0.62,0.26,4.79,0.31,0.39,4.06,0.44,1.65,24.04,5.23,0.00,0.00,0.00,0.01,0.38,0.20
Nov2005,0.12,0.77,2.89,0.02,0.80,0.05,2.09,1.34,0.80,0.00,0.46,1.64,0.00,12.22,28.72,0.00,0.00,0.00,0.23,6.25,0.19
Dec2005,1.53,0.69,0.18,0.00,0.00,0.53,2.29,1.28,3.71,0.00,0.00,0.00,0.00,1.66,19.75,0.00,0.00,0.00,9.54,45.66,0.79
Jan2006,3.59,4.41,0.25,0.01,0.10,1.07,1.79,1.28,8.13,3.52,14.15,4.10,0.00,35.36,2.37,0.00,0.00,0.00,6.63,40.47,0.50
Feb2006,1.05,4.97,0.10,0.00,1.42,0.40,0.21,2.96,7.18,5.09,10.79,8.26,7.39,18.61,0.00,0.00,0.00,0.00,6.63,3.70,1.23
Mar2006,0.43,3.65,0.23,0.00,0.01,0.15,0.32,3.39,2.66,0.20,1.21,6.12,0.00,4.25,0.04,0.00,0.00,0.00,3.84,0.18,0.22
Apr2006,0.24,4.24,0.29,0.00,0.55,0.04,0.19,3.01,10.50,4.95,4.32,4.21,1.78,12.17,0.39,0.00,0.48,0.00,2.09,0.15,1.16
May2006,0.07,2.99,2.94,0.28,0.26,1.17,0.01,7.46,1.04,3.13,0.00,0.00,1.20,1.30,1.71,0.00,0.00,0.00,0.00,0.00,0.14
Jun2006,0.64,0.14,5.06,0.01,0.60,4.77,0.76,6.90,0.41,2.42,1.82,13.50,1.40,22.15,0.00,0.00,0.00,0.08,0.00,0.08,0.00
Jul2006,3.12,1.57,2.58,1.06,0.30,0.25,0.22,0.30,0.01,0.00,0.03,5.74,0.00,39.65,0.77,0.00,0.01,0.00,0.00,0.01,0.01
Aug2006,3.67,0.79,0.12,1.08,1.57,0.03,0.01,0.01,0.00,6.35,12.23,23.81,13.05,23.12,3.79,0.00,0.18,15.14,0.00,0.00,0.01
Sep2006,1.78,5.16,4.34,1.38,0.02,0.02,0.83,0.96,0.00,0.00,0.03,0.00,0.00,11.47,0.12,0.00,0.64,37.65,0.00,0.00,3.29
Oct2006,0.81,1.62,7.16,7.63,0.00,0.14,1.19,0.09,0.65,0.00,0.00,0.00,0.00,5.51,3.96,0.24,3.19,10.85,0.49,0.01,0.04
Nov2006,2.77,0.38,7.49,0.05,1.18,0.17,5.09,0.30,2.41,0.00,0.00,0.00,0.00,0.00,1.72,0.47,6.13,48.13,13.57,0.00,0.00
Dec2006,2.94,0.16,0.64,2.23,5.18,0.05,3.67,2.12,2.27,1.47,0.00,0.25,0.00,0.28,9.37,0.07,5.50,27.35,1.53,0.00,0.26
Jan2007,0.85,2.54,0.63,2.05,40.34,0.15,0.17,0.66,2.72,57.38,20.70,34.39,67.67,10.90,5.31,0.00,0.50,6.42,0.00,0.00,1.51
Feb2007,0.02,0.33,5.11,0.11,4.94,0.07,0.05,1.92,0.19,15.15,0.04,1.45,0.83,8.74,1.61,0.00,0.00,0.00,0.00,0.00,2.33
Mar2007,0.00,1.16,5.14,1.04,0.01,0.24,0.10,0.09,1.82,0.00,0.00,0.03,0.00,7.77,4.25,0.00,0.00,0.02,0.27,0.00,0.01
Apr2007,0.00,2.03,3.67,2.27,0.01,0.09,0.05,6.46,1.72,0.00,0.00,0.00,0.00,1.24,1.24,0.00,0.00,0.01,0.00,0.00,0.00
May2007,0.01,0.08,2.67,0.05,0.28,0.00,0.04,5.51,1.03,0.00,0.00,0.00,0.00,0.00,2.70,0.00,0.00,0.00,0.00,1.90,0.01
Jun2007,0.17,0.03,7.73,0.00,0.31,0.03,1.13,13.35,1.19,0.61,7.59,1.16,2.25,0.00,0.02,0.00,0.00,0.00,0.00,12.54,0.03
Jul2007,5.90,0.29,1.81,0.34,0.02,0.13,1.98,41.27,0.61,0.00,0.26,0.05,0.00,0.00,0.01,0.00,0.00,0.00,0.00,39.34,7.54
Aug2007,1.07,0.41,1.88,3.47,0.83,0.23,0.96,59.88,15.81,0.00,0.10,0.00,0.00,0.00,0.00,0.00,0.00,0.00,0.00,3.51,0.18
Sep2007,0.07,2.17,0.19,1.76,0.29,0.07,0.40,64.26,2.41,0.00,0.00,0.00,0.00,0.00,0.74,0.00,0.00,0.00,0.00,0.38,0.17
Oct2007,0.00,0.45,0.88,4.44,12.46,0.00,0.00,41.29,1.58,24.83,16.16,15.42,32.71,0.00,1.17,0.00,0.00,0.00,0.00,7.29,0.00
Nov2007,0.03,0.46,0.00,0.80,0.55,0.00,0.00,19.76,4.39,8.48,2.31,1.21,3.10,0.83,0.07,0.00,0.00,0.00,0.00,1.90,0.00
Dec2007,0.00,3.15,0.01,0.59,0.13,0.00,0.05,14.83,1.96,0.00,0.16,0.00,0.00,0.02,0.00,0.00,0.00,0.00,0.00,4.46,1.10
Jan2008,0.00,1.27,0.03,0.20,0.24,0.02,0.02,1.17,3.66,0.00,0.10,0.08,0.00,0.52,0.00,0.00,0.00,0.00,0.00,9.54,8.81
Feb2008,0.00,3.28,0.65,4.92,0.03,0.07,0.13,0.39,11.14,0.00,0.00,0.06,0.00,0.00,0.00,0.00,0.00,0.00,0.00,7.60,4.76
Mar2008,0.00,0.65,0.06,0.30,0.01,0.00,0.07,1.30,8.41,0.00,0.00,0.00,0.00,0.00,0.00,0.00,0.00,0.00,2.90,37.86,0.59
Apr2008,0.00,1.65,0.00,0.11,3.51,0.00,0.00,2.25,8.78,0.00,0.00,0.00,2.40,0.00,0.00,0.00,0.00,0.00,0.00,54.36,13.05
May2008,0.01,0.67,0.16,0.00,0.59,0.00,0.01,4.42,6.16,0.00,0.00,0.00,0.00,0.00,0.00,0.00,0.00,0.00,0.31,37.00,3.87
Jun2008,0.07,0.46,0.00,2.58,1.46,0.00,0.03,0.18,2.45,0.00,0.00,0.00,0.00,0.00,0.00,0.00,0.00,0.00,0.01,4.42,0.01
Jul2008,0.12,0.00,0.00,0.00,0.88,0.01,0.05,5.34,0.59,0.00,0.00,0.00,0.00,0.00,0.00,0.00,0.00,0.00,0.00,0.70,0.04
Aug2008,0.23,0.22,0.31,0.00,0.01,0.00,3.16,7.51,0.01,0.00,0.00,0.00,0.00,0.36,0.00,0.00,0.00,0.00,0.00,0.00,0.14
Sep2008,0.14,0.07,1.59,0.31,0.18,0.00,4.21,9.06,0.38,0.00,1.29,0.00,0.00,0.12,0.00,0.00,0.00,0.00,0.00,0.00,6.16
Oct2008,1.18,0.02,0.25,0.00,0.04,0.00,4.66,7.64,2.39,0.00,4.50,0.00,0.00,0.22,0.01,0.00,0.00,0.00,0.00,0.00,8.58
Nov2008,0.69,0.03,0.56,0.04,0.43,0.00,0.00,0.05,0.14,0.00,0.59,0.00,0.00,0.17,0.09,0.00,0.00,0.00,0.00,0.37,4.48
Dec2008,0.26,0.06,0.00,0.00,0.71,0.00,0.00,1.96,0.25,0.00,0.00,0.00,0.00,0.00,0.01,0.00,0.00,0.00,0.00,0.00,1.24
Jan2009,0.06,1.42,0.00,0.01,0.02,0.00,0.02,0.52,0.20,0.00,0.00,0.00,0.00,0.00,0.22,0.00,0.00,0.00,0.17,0.00,5.67
Feb2009,0.20,2.67,0.00,0.00,0.11,0.04,0.02,0.36,0.00,0.00,0.00,0.00,1.83,0.00,0.01,0.00,0.00,0.00,0.00,0.00,1.67
Mar2009,0.61,2.10,0.01,0.00,0.25,0.01,0.12,1.02,0.19,0.00,0.00,0.14,0.23,0.00,0.24,0.00,0.00,0.00,0.00,0.00,2.22
Apr2009,0.01,0.01,0.08,0.01,0.10,0.00,0.02,1.39,4.31,0.00,0.00,0.11,0.00,0.00,0.00,0.00,0.00,0.00,0.00,0.02,0.12
May2009,0.03,1.45,0.04,0.07,0.27,0.03,0.31,15.45,3.53,0.00,0.00,0.00,0.00,0.00,0.00,0.00,0.14,0.00,1.92,35.18,0.24
Jun2009,5.59,1.63,0.33,5.86,2.16,1.46,0.27,1.35,2.24,0.00,2.38,2.80,0.00,0.06,0.58,0.02,0.64,0.00,4.15,77.01,1.38
Jul2009,0.10,9.54,0.18,0.91,2.04,0.03,0.00,1.58,5.55,0.00,0.00,0.00,0.00,0.00,0.00,0.00,0.02,0.00,0.49,46.05,0.93
Aug2009,0.25,2.04,0.03,0.01,6.12,0.06,0.00,4.25,8.92,1.37,0.00,0.00,0.00,0.00,0.32,0.00,5.22,0.01,0.05,3.02,3.63
Sep2009,1.35,14.05,1.29,1.07,0.69,0.00,0.00,0.76,0.79,0.00,2.71,2.20,0.00,3.79,0.00,0.00,0.06,0.00,0.00,0.00,0.23
Oct2009,0.21,21.21,1.04,9.95,0.16,0.02,0.02,2.84,0.39,0.00,0.00,0.00,0.00,0.00,4.12,8.04,11.95,29.93,0.00,0.00,0.00
Nov2009,0.01,0.50,1.10,1.97,7.15,0.00,0.00,2.29,0.05,11.62,3.37,11.95,14.81,17.50,5.45,34.26,38.63,71.69,0.13,0.00,0.00
Dec2009,0.08,0.29,5.28,0.96,8.52,0.00,0.00,0.20,3.93,11.14,2.30,9.62,7.20,14.43,2.90,42.79,14.34,46.14,0.01,0.07,0.02
Jan2010,0.45,0.05,7.97,0.01,0.00,0.02,0.15,0.22,4.02,0.00,1.25,0.27,0.00,6.61,9.45,59.65,12.25,18.83,1.08,0.35,0.16
Feb2010,0.08,0.05,9.58,0.00,0.00,1.42,0.24,0.12,0.16,0.00,0.00,0.36,0.00,0.00,0.47,27.26,12.61,33.07,0.00,0.00,0.00
Mar2010,0.08,0.00,27.19,0.00,1.09,0.84,0.09,0.19,0.06,0.98,7.31,12.44,4.43,6.07,18.61,28.16,1.78,14.73,0.00,0.00,0.02
Apr2010,0.65,0.01,30.02,0.00,10.72,0.00,0.01,0.29,0.06,14.24,26.21,40.57,10.31,23.81,17.39,19.61,1.90,8.79,0.00,0.00,0.00
May2010,0.00,2.39,35.59,0.05,6.68,0.33,0.00,1.15,0.24,15.25,31.11,42.56,15.23,40.43,9.39,0.03,1.25,0.00,0.00,3.81,0.50
Jun2010,0.00,21.98,28.49,32.54,16.50,0.20,0.18,1.57,0.72,19.29,34.95,32.97,16.20,41.55,22.49,0.00,0.00,0.00,0.00,0.13,0.06
Jul2010,0.01,1.06,33.46,5.85,26.05,0.00,0.13,0.79,3.34,2.15,15.24,1.69,20.33,25.11,17.81,0.00,0.00,0.00,0.00,0.00,0.10
Aug2010,0.00,8.83,23.57,10.38,1.71,0.00,0.08,1.02,0.25,0.00,12.36,0.77,0.15,27.77,1.53,0.00,0.00,0.00,0.00,0.00,0.00
Sep2010,0.03,0.30,11.28,7.44,0.78,0.04,0.00,11.94,1.78,0.00,1.19,0.00,0.54,0.43,3.48,0.00,0.00,0.00,0.00,0.00,0.76
Oct2010,0.02,0.05,2.18,0.96,0.07,0.01,0.00,2.44,1.03,0.00,0.13,0.00,0.00,10.18,0.05,0.00,0.00,0.00,0.00,0.00,0.01
Nov2010,0.00,0.05,0.94,0.03,0.29,0.13,0.00,1.20,1.00,21.21,1.09,10.96,0.00,10.23,0.09,0.00,0.00,0.00,0.04,0.00,0.41
Dec2010,0.01,0.00,2.31,0.00,0.00,0.00,0.07,0.91,3.60,0.00,1.37,1.61,0.00,1.52,0.00,0.00,0.00,0.00,0.73,0.09,1.72
Jan2011,0.02,0.01,5.73,0.00,0.00,0.01,0.10,0.69,5.30,0.00,0.83,0.19,0.00,4.57,0.00,0.00,0.00,0.00,8.88,0.02,9.60
Feb2011,0.02,0.05,0.14,0.00,0.09,0.17,0.09,0.29,2.08,0.00,0.04,0.00,0.00,0.02,0.00,0.00,0.00,0.00,1.58,0.13,4.66
Mar2011,0.07,0.94,0.01,0.00,0.47,0.00,1.84,1.19,4.29,0.00,0.00,0.00,0.00,0.00,0.00,0.00,0.30,0.00,2.44,4.11,0.01
Apr2011,0.09,2.83,0.91,5.71,0.40,0.00,0.37,0.40,11.12,0.00,0.00,0.00,0.00,0.00,0.00,0.00,0.00,0.00,4.80,49.42,4.88
May2011,0.02,0.99,1.07,1.98,5.28,0.00,0.01,0.64,4.53,0.00,0.00,0.00,0.00,0.00,2.74,0.00,0.00,0.00,7.40,25.81,4.13
Jun2011,0.04,0.61,3.78,0.38,16.89,0.74,0.01,0.73,6.08,0.00,0.00,0.00,1.86,0.00,3.01,0.00,0.00,0.00,0.00,0.33,0.32
Jul2011,0.03,2.86,1.13,0.29,2.70,0.01,0.05,2.50,0.42,8.60,0.35,2.02,27.38,0.00,2.24,0.00,0.00,0.00,0.00,0.01,0.04
Aug2011,0.00,18.53,2.35,2.07,1.75,0.01,0.14,2.98,0.18,0.00,1.41,1.59,17.55,0.72,0.10,0.00,0.00,0.00,0.00,0.01,0.00
Sep2011,0.06,2.29,1.09,0.53,3.15,0.02,0.00,10.25,0.43,0.00,0.00,0.00,0.00,0.08,0.00,0.00,0.00,0.00,0.00,0.00,0.00
Oct2011,0.79,0.94,2.06,0.81,5.47,0.03,0.01,13.44,0.27,0.00,0.00,0.00,0.00,1.50,0.00,0.00,0.00,0.00,0.00,0.00,0.00
Nov2011,0.04,0.48,1.10,0.01,0.90,0.00,0.00,3.08,1.99,0.51,0.03,2.77,0.16,0.27,0.01,0.00,0.00,0.00,0.00,2.33,0.00
Dec2011,0.02,0.41,1.02,0.09,15.07,0.00,0.11,0.67,8.16,1.86,5.91,2.57,3.83,0.68,0.00,0.00,0.00,0.00,0.01,12.17,0.00
Jan2012,0.11,2.94,0.10,0.12,11.84,0.04,0.15,0.38,11.77,14.08,21.65,3.09,15.15,2.26,0.00,0.00,0.00,0.00,0.00,17.90,0.02
Feb2012,0.01,0.67,0.00,0.76,27.97,0.00,0.20,0.48,6.30,36.05,53.50,37.52,56.38,15.31,0.00,0.00,0.00,0.00,0.02,20.82,0.04
Mar2012,0.02,11.88,0.00,6.81,59.77,0.00,0.09,0.96,1.36,72.73,62.15,56.81,71.87,52.64,0.00,0.00,0.00,0.00,0.00,7.91,0.00
Apr2012,0.16,11.83,0.08,4.27,54.99,0.00,0.01,0.95,0.76,97.07,90.69,91.41,92.95,75.18,0.00,0.00,0.00,0.00,0.08,2.71,0.26
May2012,0.13,9.75,0.82,3.93,52.20,0.00,0.00,1.07,7.86,68.13,54.62,82.59,52.51,22.94,0.00,0.00,0.00,0.00,0.00,0.02,24.42
Jun2012,0.06,0.11,0.90,0.05,12.75,0.00,0.00,1.30,4.07,36.26,23.47,7.63,4.73,55.63,0.00,0.00,0.00,0.00,0.00,0.71,0.52
Jul2012,0.07,1.45,0.07,0.00,28.44,0.02,0.00,2.76,0.24,53.76,64.17,57.60,40.51,81.57,0.00,0.00,0.00,0.00,0.00,0.00,0.12
Aug2012,0.07,2.36,0.18,0.05,22.17,0.00,0.01,5.86,0.00,12.61,3.45,0.90,0.08,15.97,0.23,0.02,0.00,0.00,0.00,0.21,0.00
Sep2012,1.57,1.97,0.03,0.00,17.84,0.00,0.00,0.07,0.13,9.19,2.94,1.75,0.31,30.21,2.09,5.66,0.13,0.00,0.00,0.03,0.44
Oct2012,2.18,3.62,0.65,1.69,14.50,0.01,0.00,2.29,0.71,0.20,0.10,0.52,0.00,0.40,1.99,0.00,0.00,0.00,0.00,0.03,0.00
Nov2012,0.30,2.21,4.23,0.00,26.55,0.03,0.08,0.46,1.94,6.77,3.10,2.20,0.00,4.74,14.36,0.32,0.30,0.00,0.00,0.05,0.03
Dec2012,1.14,3.95,3.88,0.64,30.40,0.10,0.36,0.32,1.40,26.00,16.51,3.69,4.73,2.46,5.73,0.00,0.01,0.00,0.43,15.10,1.07
Jan2013,0.02,2.05,0.38,0.75,13.33,0.18,0.02,1.13,0.65,0.00,15.84,0.49,0.00,1.90,0.00,0.00,1.21,0.07,0.00,0.03,0.38
Feb2013,0.00,5.38,0.78,0.29,13.39,0.03,0.01,0.76,2.35,0.00,3.93,0.42,0.00,0.00,0.00,0.00,0.56,0.18,0.00,0.00,0.00
Mar2013,0.00,1.52,1.14,0.68,10.64,0.00,0.01,0.77,4.83,0.59,1.69,0.00,0.00,0.04,0.00,0.00,0.00,0.00,0.00,0.41,0.82
Apr2013,0.00,0.91,1.37,1.30,1.65,0.03,0.07,0.81,0.16,0.00,0.00,0.00,0.00,0.00,0.00,4.10,0.01,0.00,0.06,0.00,8.42
May2013,0.11,0.06,0.08,0.00,19.75,0.02,0.07,0.60,1.26,13.78,1.02,1.09,1.65,0.00,0.01,0.00,0.00,0.00,1.58,0.42,7.71
Jun2013,0.21,0.12,0.02,0.00,0.84,1.37,0.39,0.83,0.24,0.00,0.13,1.55,0.00,0.29,11.12,0.00,0.00,0.00,0.09,0.00,2.68
Jul2013,0.44,0.04,0.03,0.00,8.71,4.33,3.47,2.77,1.52,7.43,4.09,9.49,1.65,1.74,5.08,0.00,0.00,0.00,0.00,0.00,5.38
Aug2013,0.10,0.09,0.05,0.00,0.01,4.92,2.20,0.38,1.07,0.00,0.00,0.03,0.00,1.16,12.25,0.00,0.00,0.00,0.00,0.01,19.76
Sep2013,2.12,0.01,0.45,0.00,0.01,9.32,0.21,0.13,0.29,0.00,0.40,0.42,0.00,0.50,4.19,0.00,0.02,0.00,0.00,1.01,24.51
Oct2013,0.12,0.18,1.18,0.76,3.32,2.67,0.26,0.79,0.05,16.81,18.94,19.27,9.30,0.00,0.04,0.00,0.00,0.00,0.00,0.50,6.57
Nov2013,0.12,2.56,7.88,3.30,0.79,0.82,1.08,1.86,0.13,8.28,0.00,0.25,0.00,0.00,0.00,0.00,0.01,0.00,0.00,16.49,0.08
Dec2013,0.27,4.11,9.29,4.19,1.07,0.02,0.94,1.60,0.11,0.00,0.00,0.00,0.00,0.00,0.01,0.00,0.00,0.00,0.12,0.09,0.11
Jan2014,2.41,0.37,5.86,4.85,0.17,0.78,1.37,1.25,5.61,0.00,0.00,0.00,0.00,0.00,0.15,0.00,0.00,0.00,7.52,0.02,1.64
Feb2014,2.87,3.29,6.55,9.24,0.41,0.70,1.05,2.16,6.37,0.00,0.00,0.00,0.00,0.00,11.92,0.00,0.02,0.00,3.74,0.00,15.04
Mar2014,8.97,1.72,4.12,1.45,0.51,3.30,0.52,1.37,4.00,0.00,0.00,0.00,0.00,1.06,6.62,0.00,1.03,0.40,16.35,0.12,2.49
Apr2014,3.80,0.34,1.73,4.13,0.78,5.91,1.86,0.96,8.38,0.00,0.00,0.00,0.00,0.00,0.64,0.00,0.65,5.68,27.52,10.48,8.67
May2014,20.03,0.06,0.48,3.22,5.69,22.17,6.25,1.95,3.07,0.00,0.00,0.00,0.00,0.00,0.33,0.00,0.28,12.41,27.54,2.45,5.40
Jun2014,19.35,0.08,0.15,0.26,5.52,11.39,5.01,0.97,0.21,0.00,0.20,0.00,1.16,0.00,1.96,0.00,0.89,0.77,22.97,8.32,28.53
Jul2014,16.54,0.43,0.15,0.41,2.22,3.85,22.11,1.47,1.74,1.08,0.03,0.05,4.95,0.00,7.81,0.00,1.62,0.00,2.49,11.12,22.54
Aug2014,27.98,1.99,0.25,1.65,1.86,24.86,50.13,11.98,17.43,0.00,0.00,0.00,0.00,0.04,10.30,0.00,1.40,0.00,0.29,47.69,6.79
Sep2014,24.39,1.93,0.03,2.57,3.78,37.41,72.98,10.21,44.08,0.00,0.00,0.00,0.00,0.00,2.77,0.00,3.52,0.25,0.12,6.90,29.21
Oct2014,45.96,2.06,0.55,7.51,14.61,33.32,25.25,6.72,53.22,0.00,0.00,0.00,0.00,0.00,17.09,0.00,0.09,0.07,18.65,35.05,0.01
Nov2014,51.86,3.37,2.85,0.24,9.36,29.57,15.44,12.06,18.65,0.00,0.00,0.00,0.00,0.00,0.39,0.00,3.23,0.17,22.83,22.67,0.37
Dec2014,81.35,6.41,4.51,0.66,6.39,59.29,34.19,10.37,2.94,0.00,0.00,0.00,0.00,0.00,5.36,0.00,0.26,0.07,13.33,15.04,0.93
Jan2015,74.16,7.32,5.45,9.72,7.12,66.04,52.80,4.35,2.67,0.00,0.00,0.00,0.00,0.00,14.50,0.00,0.43,1.66,0.00,2.45,2.92
Feb2015,89.78,4.25,14.63,2.70,1.64,72.59,23.58,3.55,8.47,0.00,0.00,0.00,0.00,0.00,14.29,0.00,10.11,9.86,16.67,1.00,0.27
Mar2015,84.81,17.35,6.65,2.83,2.19,71.62,19.95,1.26,4.05,0.00,0.00,0.00,0.00,0.00,35.61,0.14,9.47,60.11,0.50,0.00,0.01
Apr2015,67.82,27.94,4.63,24.05,2.58,67.74,11.53,1.11,8.61,0.00,0.00,0.00,0.00,0.00,2.95,33.07,55.61,92.20,4.44,0.00,0.00
May2015,36.98,13.03,2.06,9.28,6.00,40.69,11.28,4.24,0.53,0.00,1.53,0.22,1.88,0.02,0.19,25.86,52.03,81.28,4.04,0.00,0.50
Jun2015,17.83,10.19,0.04,22.19,6.88,33.26,4.55,7.85,5.00,0.00,0.00,0.06,0.00,0.79,0.33,66.13,46.63,86.75,3.52,0.00,0.11
Jul2015,40.78,2.28,0.19,0.31,5.60,28.66,1.96,32.77,30.17,0.00,0.10,0.05,0.00,1.16,3.36,81.04,47.19,56.01,37.36,0.00,0.32
Aug2015,42.32,2.87,1.69,2.63,14.71,13.71,2.13,16.94,45.74,0.00,0.00,0.00,0.00,0.08,0.09,92.89,51.78,20.96,82.28,2.70,0.19
Sep2015,37.96,1.43,3.24,1.47,28.46,0.90,6.61,4.08,46.15,8.18,3.10,6.30,13.33,0.46,0.01,48.96,33.72,23.45,80.63,42.45,0.00
Oct2015,69.35,0.58,7.02,2.80,3.92,13.77,20.33,2.07,12.61,0.00,2.17,1.26,0.00,2.08,0.10,92.89,19.61,14.30,12.51,1.96,0.00
Nov2015,50.54,18.56,12.49,7.01,14.93,20.91,12.78,4.87,9.93,1.92,15.94,11.13,36.28,3.87,0.22,99.22,20.64,66.37,43.39,0.00,0.00
Dec2015,28.95,21.23,16.66,13.37,37.66,7.89,8.50,1.90,12.57,64.13,45.03,65.69,78.92,28.55,0.28,97.46,3.34,63.69,14.35,0.01,0.44
Jan2016,11.91,20.76,45.37,18.20,28.86,23.21,3.07,10.31,15.47,53.57,13.70,30.51,48.39,31.98,0.23,95.26,12.86,17.71,1.14,2.50,3.53
Feb2016,32.23,2.08,17.01,3.86,11.13,48.97,13.38,23.63,12.00,47.96,16.46,28.03,5.93,41.96,10.45,99.53,17.27,25.42,0.08,0.00,4.28
Mar2016,30.58,1.96,14.84,3.63,14.11,54.80,12.80,12.84,5.27,34.70,9.68,5.52,3.30,10.38,9.95,97.11,11.14,66.57,0.00,0.00,0.50
Apr2016,44.60,3.10,25.03,0.29,6.75,77.56,23.94,5.88,7.34,12.42,3.00,0.00,0.78,0.00,23.07,44.35,7.36,10.38,0.24,0.00,0.07
May2016,3.81,4.57,20.42,1.85,0.77,42.39,41.84,8.85,4.62,1.76,5.91,4.35,0.23,4.45,0.73,19.61,1.41,9.93,5.28,0.00,0.00
Jun2016,5.31,6.76,12.16,12.12,3.62,25.95,42.43,15.40,3.08,4.44,16.70,8.19,2.09,4.22,0.29,8.80,6.44,1.15,22.35,2.44,0.11
Jul2016,3.69,31.37,17.01,53.60,6.90,24.76,64.45,7.38,7.70,0.00,4.60,2.41,4.88,3.11,0.02,0.02,2.81,0.01,17.89,6.70,11.31
Aug2016,3.15,9.04,4.17,20.78,17.72,8.59,53.35,3.18,8.34,21.90,52.41,65.34,86.50,49.85,0.04,0.00,2.68,0.00,19.08,0.50,14.00
Sep2016,0.39,23.08,4.86,10.49,26.74,36.60,45.95,1.31,6.70,69.29,63.00,79.29,79.15,81.68,46.35,0.00,2.53,0.00,43.18,0.00,0.01
Oct2016,1.58,50.83,8.45,10.42,14.17,46.02,65.57,23.50,10.26,69.70,69.37,74.77,70.14,65.22,65.56,0.00,0.49,0.00,7.84,0.09,13.36
Nov2016,14.10,43.46,18.36,4.02,7.06,48.10,45.70,39.52,17.90,32.93,85.15,56.02,58.84,68.78,28.03,0.00,0.01,0.00,0.02,0.98,11.26
Dec2016,3.80,34.85,11.08,14.47,9.88,25.17,44.21,35.70,12.33,10.26,21.46,4.89,5.55,18.57,39.44,0.00,0.00,0.00,0.01,0.61,3.55
Jan2017,0.62,35.37,2.51,14.03,9.15,5.81,18.55,26.93,16.41,9.97,1.18,3.28,0.15,7.59,28.57,0.00,0.00,0.00,0.53,0.31,0.74
Feb2017,1.65,35.68,5.60,4.76,4.98,0.13,4.54,19.93,7.98,20.78,6.68,4.03,6.81,14.20,24.26,0.00,1.15,0.00,4.52,19.16,0.36
Mar2017,5.15,33.24,12.91,12.33,3.63,0.00,10.06,5.00,22.64,7.53,2.68,0.27,7.35,1.30,10.70,0.00,0.89,0.00,18.93,23.27,9.26
Apr2017,2.85,20.64,13.82,22.45,4.35,0.53,7.88,3.29,53.16,1.62,14.59,0.45,8.99,0.25,6.77,0.06,0.00,0.00,44.79,35.32,8.23
May2017,0.80,1.53,12.28,7.53,2.77,0.16,6.64,6.34,22.18,0.00,6.74,1.67,2.55,0.08,1.80,0.71,0.15,0.00,29.61,1.02,3.97
Jun2017,0.70,3.14,2.21,2.33,0.51,0.08,6.59,9.46,21.29,0.30,5.25,1.36,1.40,0.50,2.16,0.11,0.16,0.00,6.89,0.70,28.51
Jul2017,5.23,10.65,3.16,2.81,1.15,0.19,5.84,8.38,37.32,0.00,0.29,0.00,0.00,0.00,30.37,0.00,0.24,0.00,6.79,17.11,13.03
Aug2017,1.89,3.60,5.58,3.94,0.38,1.59,4.40,6.64,21.85,0.00,0.03,0.00,0.00,0.06,14.32,0.00,0.76,0.00,10.76,20.73,41.61
Sep2017,2.47,0.91,21.91,3.33,1.68,3.24,1.48,3.82,25.74,25.05,16.44,18.81,21.24,3.52,0.00,0.00,0.17,0.00,9.56,7.11,2.37
Oct2017,0.58,4.08,8.95,0.82,32.26,1.41,1.84,8.78,3.53,64.32,53.11,71.38,58.67,50.35,0.24,0.00,0.83,0.00,0.78,32.98,9.97
Nov2017,7.68,9.01,6.46,0.47,29.53,0.34,13.74,27.58,1.79,3.03,2.08,5.88,0.16,0.00,0.10,0.00,0.02,0.00,0.49,21.89,9.27
Dec2017,14.84,20.12,6.49,1.88,12.09,0.01,10.76,33.32,0.51,2.05,0.19,0.00,0.00,0.00,0.51,0.00,0.30,0.00,0.00,2.22,29.71
Jan2018,28.75,2.66,18.84,0.06,11.86,0.18,12.05,11.04,3.47,0.00,0.00,0.00,0.00,0.00,0.43,0.00,0.00,0.00,0.00,12.28,34.67
Feb2018,16.21,14.71,5.86,1.74,13.62,0.35,40.63,17.68,2.84,0.00,0.00,0.00,0.00,0.00,0.06,0.00,1.30,0.00,1.85,3.07,27.70
Mar2018,5.92,20.52,2.07,0.83,12.59,0.07,28.71,22.72,2.00,1.56,0.03,0.00,0.00,0.00,0.00,0.00,3.69,0.00,6.35,0.90,24.81
Apr2018,3.10,3.05,1.61,0.01,7.45,0.06,18.26,6.45,13.22,0.00,0.10,0.00,0.00,0.00,0.00,0.00,27.99,0.12,51.08,0.01,1.77
May2018,0.54,13.10,0.67,1.66,6.72,2.21,17.96,7.59,7.61,0.00,8.59,1.69,0.83,0.92,0.04,0.00,24.32,0.21,7.79,0.00,7.82
Jun2018,0.70,8.35,0.21,5.42,3.43,0.33,2.72,6.07,0.83,0.00,4.16,1.24,0.31,0.37,10.28,0.00,12.14,0.03,1.86,0.01,0.42
Jul2018,2.44,5.15,1.22,4.97,6.77,3.75,5.56,8.77,1.21,1.96,3.23,2.02,4.88,0.28,4.64,0.00,4.29,0.03,0.25,0.00,0.00
Aug2018,5.62,1.38,0.02,0.06,16.22,1.19,3.45,9.75,4.04,8.99,22.13,30.13,0.15,1.52,2.74,0.00,2.18,2.60,4.28,0.58,0.00
Sep2018,2.86,8.01,0.08,13.09,19.13,17.61,24.28,32.04,4.47,15.66,3.37,7.12,10.62,3.19,0.83,0.00,9.07,1.76,19.66,0.01,0.02
Oct2018,1.00,23.11,0.00,25.55,13.24,50.33,61.54,50.18,10.40,2.15,1.60,0.41,0.98,0.08,3.82,0.09,27.53,8.01,16.10,0.14,0.29
Nov2018,8.34,13.10,3.44,20.80,0.42,45.60,28.46,21.44,8.86,0.00,0.00,0.00,0.00,0.00,11.30,0.02,22.40,0.11,8.66,0.27,1.28
Dec2018,8.26,0.40,2.65,5.19,0.00,37.16,5.70,3.09,3.91,0.00,0.00,0.00,0.00,0.04,3.29,0.00,10.75,2.58,1.28,1.89,0.64
Jan2019,7.14,1.90,0.35,3.23,0.05,16.84,3.94,2.45,7.26,0.10,0.00,0.00,0.00,0.08,23.96,0.00,0.48,12.75,0.31,4.99,0.42
Feb2019,3.50,8.02,1.02,4.90,0.30,17.65,16.19,8.56,2.73,0.00,0.00,0.00,0.00,0.00,38.67,0.03,0.47,11.55,0.00,0.74,1.13
Mar2019,1.65,6.12,1.77,5.28,0.05,16.18,23.77,23.96,2.44,0.00,0.00,0.00,0.00,0.00,5.91,6.51,4.96,2.97,0.00,2.21,6.90
Apr2019,5.08,1.43,1.25,2.22,1.77,23.98,40.65,10.38,4.53,0.00,0.00,0.00,0.00,0.00,29.68,0.52,0.05,0.85,0.00,14.98,2.50
May2019,1.83,4.36,1.33,11.32,4.90,12.29,47.29,5.33,20.51,0.00,0.06,0.00,0.00,0.00,32.15,11.64,2.19,6.03,9.37,1.00,21.00
Jun2019,1.05,15.00,3.24,15.32,2.04,14.94,47.13,21.13,37.68,0.00,0.26,0.06,0.00,0.00,29.55,19.21,21.28,48.32,77.27,0.41,4.48
Jul2019,10.66,2.63,1.60,9.98,7.06,41.99,39.43,28.19,44.52,0.00,2.36,0.49,0.68,1.24,17.33,0.27,17.27,39.96,99.84,0.28,33.40
Aug2019,26.39,4.15,4.67,4.58,6.39,38.66,35.67,34.72,62.48,0.10,0.03,0.19,0.00,0.08,34.28,0.36,9.38,20.34,92.67,6.91,10.01
Sep2019,37.66,6.76,3.27,0.20,4.16,35.60,26.31,55.90,54.44,0.00,0.00,0.00,3.64,0.00,5.28,0.20,2.10,2.03,44.94,7.32,0.00
Oct2019,2.95,31.85,14.96,6.40,6.17,5.93,39.72,57.31,34.24,0.00,0.29,0.00,1.05,0.00,1.11,0.02,18.32,7.34,70.38,16.42,2.04
Nov2019,2.20,20.24,13.59,17.37,4.86,19.81,24.08,41.96,45.94,0.00,0.00,0.00,0.00,0.00,11.05,0.00,14.98,0.55,73.59,5.92,0.81
Dec2019,1.29,18.91,35.39,5.17,0.12,26.85,21.13,31.93,36.74,0.00,0.00,0.00,0.00,0.00,7.63,0.00,52.35,5.24,82.66,0.00,1.52
Jan2020,0.13,21.59,36.57,5.13,2.23,5.49,1.23,10.25,15.09,0.00,0.03,0.00,1.35,0.00,0.02,0.00,39.02,22.88,58.37,0.00,3.96
Feb2020,0.03,17.87,38.03,21.52,28.83,0.28,7.30,3.46,7.05,25.71,7.85,0.20,2.89,5.27,0.63,0.00,17.10,8.68,13.21,0.00,0.71
Mar2020,0.39,25.91,32.31,19.82,13.58,0.11,5.47,9.07,2.86,17.50,4.85,0.05,2.33,0.30,2.80,0.00,13.18,2.42,0.20,0.00,0.99
Apr2020,0.73,53.42,38.50,13.19,3.71,1.42,12.38,13.01,7.89,4.44,1.22,0.08,2.25,0.00,48.51,0.00,2.44,0.60,2.78,0.11,1.42
May2020,5.29,15.38,16.46,6.06,0.13,0.78,16.95,0.10,3.11,2.54,1.09,3.03,0.00,0.00,56.61,0.00,0.03,0.00,0.85,0.56,15.67
Jun2020,8.35,1.66,5.67,0.38,5.86,2.89,25.98,4.49,23.86,7.78,0.13,1.47,0.00,1.20,17.19,0.00,0.42,0.00,0.55,1.37,15.58
Jul2020,1.51,8.41,26.89,20.86,18.41,2.30,6.75,0.57,26.93,35.09,40.63,28.19,17.40,11.02,21.75,0.00,0.83,0.00,12.00,7.75,3.79
Aug2020,5.57,5.82,12.65,10.08,19.70,5.74,5.57,6.17,3.40,10.95,2.68,1.15,0.45,0.34,25.43,0.00,0.06,0.00,2.95,13.72,44.95
Sep2020,14.62,11.90,27.21,34.66,4.06,13.20,1.19,7.39,10.89,0.00,0.26,0.00,0.00,0.00,39.27,0.00,0.00,0.00,2.58,12.62,38.08
Oct2020,52.01,2.38,9.10,15.86,7.94,19.03,7.17,14.98,38.99,0.00,0.00,0.00,0.00,0.00,14.21,0.00,0.00,0.00,4.21,7.36,39.29
Nov2020,15.05,11.13,9.24,7.62,35.76,3.20,4.93,19.57,27.30,17.37,0.63,1.10,0.93,0.00,0.64,0.00,0.00,0.00,2.57,14.35,44.00
Dec2020,10.43,0.54,10.63,0.40,15.65,0.35,6.85,13.36,49.57,3.71,10.41,7.87,2.18,0.00,0.16,0.00,0.00,0.00,28.27,33.07,64.80
Jan2021,5.75,1.54,15.02,0.06,15.40,1.53,1.52,6.41,38.33,11.34,4.89,7.93,0.00,2.42,0.57,0.00,0.00,0.00,12.59,37.04,41.51
Feb2021,1.99,4.00,8.55,6.95,16.54,1.85,9.99,3.73,23.11,3.36,6.58,13.17,0.33,4.39,1.71,0.00,0.05,0.00,23.31,42.37,46.68
Mar2021,0.40,3.72,3.00,6.15,10.74,0.48,6.42,0.84,8.26,4.55,13.07,8.79,4.81,1.43,0.25,0.00,0.01,0.00,2.78,51.38,74.31
Apr2021,0.00,3.88,0.44,0.76,16.29,0.59,7.08,1.13,2.17,6.87,4.55,1.30,34.19,0.19,0.45,0.00,0.00,0.00,0.62,4.53,74.45
May2021,0.07,9.80,3.36,8.36,17.74,0.25,5.17,0.63,9.13,17.79,20.98,17.85,15.23,3.47,0.48,0.00,0.00,0.00,0.56,9.26,8.48
Jun2021,3.07,1.21,0.28,0.07,26.01,0.49,3.34,0.67,5.56,6.67,28.78,18.31,8.91,26.23,0.99,0.00,0.00,0.00,0.07,3.55,18.51
Jul2021,0.61,0.38,0.23,0.02,8.76,0.81,2.32,0.35,2.77,0.00,1.41,0.11,0.00,33.42,9.50,0.00,0.00,0.00,1.08,0.38,0.87
Aug2021,3.40,4.02,1.32,1.66,14.88,1.84,12.05,0.02,0.08,24.34,22.04,27.47,24.91,20.70,3.60,0.00,0.00,0.00,0.61,1.94,0.14
Sep2021,0.37,1.96,4.94,2.57,21.16,0.06,30.21,0.00,3.26,23.09,15.88,12.68,15.08,2.08,10.32,0.00,0.00,0.00,0.00,0.02,3.42
Oct2021,0.38,7.21,6.25,8.75,57.24,0.01,0.01,0.00,11.31,61.00,70.74,55.82,54.16,86.90,2.48,0.00,0.00,0.00,0.00,5.57,29.39
Nov2021,0.58,22.93,13.54,7.40,35.27,0.00,1.05,0.17,25.12,57.07,72.48,54.94,8.84,75.09,0.34,0.00,0.00,0.00,0.00,32.88,74.96
Dec2021,1.60,45.35,8.13,8.75,21.87,0.01,2.92,2.73,9.41,0.59,14.53,0.85,2.55,3.13,0.00,0.00,0.00,0.00,0.02,5.20,27.97
Jan2022,0.97,43.62,19.72,16.27,21.64,0.00,9.23,3.35,9.91,13.39,9.71,6.75,8.78,0.58,0.89,0.00,0.08,0.00,25.81,1.34,3.61
Feb2022,0.42,7.85,16.25,2.42,16.85,0.02,9.04,1.45,29.83,1.19,0.00,0.15,0.00,0.00,0.00,0.00,0.00,0.00,51.33,1.02,3.79
Mar2022,0.16,6.24,18.06,7.80,24.82,0.02,19.06,2.75,44.08,0.10,0.00,1.15,0.08,0.00,0.00,0.00,0.00,0.00,37.69,1.68,2.96
Apr2022,0.29,3.90,4.14,1.24,10.42,0.25,12.37,2.25,23.82,0.00,0.00,0.00,0.00,0.00,0.00,0.00,0.00,0.00,18.18,0.02,0.42
May2022,0.10,14.60,1.30,3.08,3.58,0.38,11.82,0.31,26.01,1.86,2.59,1.80,0.00,0.20,2.95,0.00,0.00,0.00,22.44,0.56,10.24
Jun2022,4.12,7.54,0.08,4.60,14.96,6.99,9.13,1.28,42.20,0.00,2.05,1.36,0.70,1.88,0.54,0.00,0.00,0.00,20.52,9.47,18.17
Jul2022,4.04,15.84,0.78,15.83,5.22,2.16,10.57,0.51,20.00,0.00,0.00,0.00,0.00,0.08,0.30,0.00,0.00,0.00,0.75,19.30,4.09
Aug2022,14.20,4.53,0.90,13.46,15.49,4.57,7.31,0.08,6.85,6.35,0.00,0.38,0.00,0.26,0.00,0.00,0.00,0.00,0.00,2.94,8.99
Sep2022,19.28,10.73,3.16,34.96,20.56,13.94,3.89,0.10,3.81,1.52,1.19,1.61,0.00,0.08,0.00,0.00,0.00,0.00,0.00,0.12,8.00
Oct2022,20.40,0.04,5.92,0.31,0.31,46.95,0.05,1.20,6.22,0.00,0.00,0.00,0.00,0.00,0.00,0.00,0.00,0.00,0.00,0.00,9.01
Nov2022,NA,NA,NA,NA,NA,NA,NA,NA,NA,NA,NA,NA,NA,NA,NA,NA,NA,NA,NA,NA,NA
Dec2022,NA,NA,NA,NA,NA,NA,NA,NA,NA,NA,NA,NA,NA,NA,NA,NA,NA,NA,NA,NA,NA
